{
  "fold": 5,
  "test_indices": [
    0,
    1,
    2,
    23,
    28,
    52
  ],
  "selected_indices": [
    46,
    188,
    390,
    398,
    410,
    488,
    1313,
    1333,
    1559,
    1633,
    1678,
    1771,
    1892,
    1937
  ],
  "accuracy": 0.8333333333333334,
  "classification_error": 0.16666666666666663,
  "f1_score": 0.8
}