{
  "fold": 4,
  "test_indices": [
    4,
    10,
    24,
    47,
    57,
    61
  ],
  "selected_indices": [
    42,
    136,
    410,
    512,
    575,
    697,
    963,
    1465,
    1634,
    1771,
    1797,
    1835,
    1886,
    1959
  ],
  "accuracy": 0.8333333333333334,
  "classification_error": 0.16666666666666663,
  "f1_score": 0.6666666666666666
}