{
  "fold": 2,
  "test_indices": [
    8,
    15,
    18,
    32,
    42,
    53,
    56
  ],
  "selected_indices": [
    30,
    142,
    439,
    558,
    560,
    738,
    805,
    1001,
    1041,
    1581,
    1633,
    1771,
    1842,
    1872
  ],
  "accuracy": 0.8571428571428571,
  "classification_error": 0.1428571428571429,
  "f1_score": 0.8
}