{
  "dataset": "DS-B",
  "method": "Ensembleunar",
  "q": 15,
  "model": "UnaryMLP",
  "fold": 4,
  "F12": 0.44494834988181564,
  "G12": 0.22443373094697305,
  "a1": 0.4950166112956811,
  "a2": 0.40489432703003336,
  "b1": 0.2823920265780731,
  "b2": 0.18687430478309233,
  "n1": 301,
  "n2": 899,
  "coverage": 0.5416666865348816,
  "beta_pos": 0.9905821084976196,
  "beta_neg": 0.9949297904968262,
  "S_val": 0.3737477882845516,
  "S_test": 0.3888399171450724,
  "t_reducer": 2664.9741140300175,
  "t_model": 0.0,
  "unary_device": "cuda:0",
  "n_selected": 15,
  "selected_indices": "2,5,6,9,11,13,17,18,19,22,23,25,26,27,29"
}