{
  "dataset": "DS-B",
  "method": "PLS",
  "q": 15,
  "model": "UnaryMLP",
  "fold": 2,
  "F12": 0.32560418727436435,
  "G12": 0.1606693355665419,
  "a1": 0.34219269102990035,
  "a2": 0.3114571746384872,
  "b1": 0.19601328903654486,
  "b2": 0.13681868743047831,
  "n1": 301,
  "n2": 899,
  "coverage": 0.4866666793823242,
  "beta_pos": 0.9909712076187134,
  "beta_neg": 1.0077804327011108,
  "S_val": 0.27698764844634305,
  "S_test": 0.2854368533827289,
  "t_reducer": 0.005422868067398667,
  "t_model": 0.0,
  "unary_device": "cuda:0",
  "n_selected": null,
  "selected_indices": null
}