{
  "dataset": "DS-B",
  "method": "PCA",
  "q": 15,
  "model": "UnaryMLP",
  "fold": 3,
  "F12": 0.10045768689640164,
  "G12": 0.10541729887117608,
  "a1": 0.10299003322259136,
  "a2": 0.09899888765294772,
  "b1": 0.10299003322259136,
  "b2": 0.10901001112347053,
  "n1": 301,
  "n2": 899,
  "coverage": 0.1783333420753479,
  "beta_pos": 1.0196895599365234,
  "beta_neg": 0.9951930046081543,
  "S_val": 0.08334903718749319,
  "S_test": 0.07410336217860762,
  "t_reducer": 0.0010974849574267864,
  "t_model": 0.0,
  "unary_device": "cuda:0",
  "n_selected": null,
  "selected_indices": null
}