{
  "dataset": "DS-B",
  "method": "HSIC_Lasso",
  "q": 10,
  "model": "UnaryMLP",
  "fold": 1,
  "F12": 0.2726850136795092,
  "G12": 0.15986609531946008,
  "a1": 0.3687707641196013,
  "a2": 0.21690767519466073,
  "b1": 0.2059800664451827,
  "b2": 0.13125695216907676,
  "n1": 301,
  "n2": 899,
  "coverage": 0.4658333361148834,
  "beta_pos": 0.9914010167121887,
  "beta_neg": 1.0034091472625732,
  "S_val": 0.2369838199942989,
  "S_test": 0.2327184898496442,
  "t_reducer": 0.1634006870444864,
  "t_model": 0.0,
  "unary_device": "cuda:0",
  "n_selected": null,
  "selected_indices": null
}