dataset,method,q,model,fold,F12,G12,a1,a2,b1,b2,n1,n2,coverage,beta_pos,beta_neg,S_val,S_test,t_reducer,t_model,unary_device,n_selected,selected_indices
DS-B,PLS,15,UnaryMLP,1,0.34775685157311614,0.2224029453918783,0.3388704318936877,0.3581757508342603,0.2292358803986711,0.21690767519466073,301,899,0.45000001788139343,0.9921728372573853,1.0019629001617432,0.3008272018833723,0.29215611522514656,0.005914360983297229,0.0,cuda:0,,
DS-B,PLS,15,UnaryMLP,2,0.32560418727436435,0.1606693355665419,0.34219269102990035,0.3114571746384872,0.19601328903654486,0.13681868743047831,301,899,0.4866666793823242,0.9909712076187134,1.0077804327011108,0.27698764844634305,0.2854368533827289,0.005422868067398667,0.0,cuda:0,,
DS-B,PLS,15,UnaryMLP,3,0.2595029871486776,0.18148945443316386,0.23255813953488372,0.29477196885428253,0.17940199335548174,0.1846496106785317,301,899,0.34333333373069763,1.0025337934494019,0.9937616586685181,0.24229751154116916,0.21413062354038662,0.006010266952216625,0.0,cuda:0,,
DS-B,PLS,15,UnaryMLP,4,0.25917075746551493,0.3136945008705597,0.2724252491694352,0.24805339265850945,0.3023255813953488,0.3270300333704116,301,899,0.3166666626930237,0.9553788900375366,0.9831235408782959,0.21357978273942815,0.180747132247875,0.005351321073248982,0.0,cuda:0,,
DS-B,PLS,15,UnaryMLP,5,0.3335146984251547,0.17962630298981042,0.32450331125827814,0.344097995545657,0.18211920529801323,0.17817371937639198,302,898,0.45083335041999817,0.9970448017120361,0.9990384578704834,0.30064349349445424,0.2886081226777021,0.0055218449560925364,0.0,cuda:0,,
