{
  "fold": 2,
  "train_indices": [
    0,
    1,
    2,
    3,
    4,
    5,
    6,
    7,
    9,
    10,
    11,
    12,
    13,
    14,
    16,
    17,
    19,
    20,
    21,
    22,
    23,
    24,
    25,
    26,
    27,
    28,
    29,
    30,
    31,
    33,
    34,
    35,
    36,
    37,
    38,
    39,
    40,
    41,
    43,
    44,
    45,
    46,
    47,
    48,
    49,
    50,
    51,
    52,
    54,
    55,
    57,
    58,
    59,
    60,
    61
  ],
  "test_indices": [
    8,
    15,
    18,
    32,
    42,
    53,
    56
  ],
  "selected_indices": [
    42,
    137,
    142,
    240,
    492,
    512,
    1003,
    1041,
    1066,
    1422,
    1581,
    1633,
    1771,
    1872
  ],
  "fit_size_inner": 33,
  "par_size_inner": 11,
  "ckpt_size_inner": 11,
  "best_epoch": 15,
  "beta_pos": 0.5709612965583801,
  "beta_neg": 0.5614537000656128,
  "cG": 0.25,
  "S_par": 0.7995025317580172,
  "F12_par": 0.7995025317580172,
  "G12_par": 0.0,
  "S_ckpt": 0.7312079555425562,
  "F12_ckpt": 0.7312079555425562,
  "G12_ckpt": 0.0,
  "S_test": 0.4611128189363665,
  "F12_test": 0.4611128189363665,
  "G12_test": 0.0,
  "a1_test": 0.3333333333333333,
  "a2_test": 0.75,
  "b1_test": 0.0,
  "b2_test": 0.0,
  "decided_count": 5,
  "conflict_count": 0,
  "reject_count": 2,
  "wrong_exclusive_count": 1,
  "correct_exclusive_count": 4,
  "coverage": 0.7142857142857143,
  "conflict_rate": 0.0,
  "reject_rate": 0.2857142857142857,
  "wrong_exclusive_rate": 0.14285714285714285,
  "correct_exclusive_rate": 0.5714285714285714,
  "selective_accuracy": 0.8,
  "selective_error": 0.19999999999999996,
  "selective_f1": 0.6666666666666666,
  "conservative_accuracy": 0.5714285714285714,
  "conservative_error": 0.4285714285714286,
  "checkpoint_history_file": "results_colon_cv_seed42_2_200_2_64_500_0.25_no_mean/unary_strict_details/fold_02_checkpoint_history.csv"
}