{
  "dataset": "DS-B",
  "method": "PCA",
  "q": 5,
  "model": "UnaryMLP",
  "fold": 4,
  "F12": 0.251300502737528,
  "G12": 0.13224672824924266,
  "a1": 0.3089700996677741,
  "a2": 0.21245828698553948,
  "b1": 0.11627906976744186,
  "b2": 0.1546162402669633,
  "n1": 301,
  "n2": 899,
  "coverage": 0.46916666626930237,
  "beta_pos": 1.0295435190200806,
  "beta_neg": 0.991249144077301,
  "S_val": 0.20471167805013438,
  "S_test": 0.21823882067521735,
  "t_reducer": 0.0012428050395101309,
  "t_model": 0.0,
  "unary_device": "cuda:0",
  "n_selected": null,
  "selected_indices": null
}