{
  "fold": 3,
  "model_name": "KDE_Bayes",
  "train_indices": [
    0,
    1,
    2,
    3,
    4,
    5,
    6,
    7,
    8,
    9,
    10,
    11,
    12,
    13,
    14,
    15,
    16,
    17,
    18,
    20,
    21,
    23,
    24,
    25,
    26,
    28,
    29,
    30,
    31,
    32,
    34,
    35,
    36,
    37,
    38,
    39,
    40,
    41,
    42,
    43,
    44,
    45,
    46,
    47,
    49,
    50,
    51,
    52,
    53,
    54,
    55,
    56,
    57,
    58,
    60,
    61
  ],
  "test_indices": [
    19,
    22,
    27,
    33,
    48,
    59
  ],
  "selected_indices": [
    13,
    137,
    244,
    248,
    266,
    364,
    376,
    492,
    570,
    764,
    779,
    1634,
    1770,
    1872
  ],
  "train_size": 56,
  "test_size": 6,
  "n_selected": 14,
  "accuracy": 0.8333333333333334,
  "classification_error": 0.16666666666666663,
  "f1_score": 0.8
}