{
  "dataset": "DS-B",
  "method": "Ensembleunar",
  "q": 10,
  "model": "UnaryMLP",
  "fold": 2,
  "F12": 0.411501843409623,
  "G12": 0.2855399920471416,
  "a1": 0.38870431893687707,
  "a2": 0.4382647385984427,
  "b1": 0.3687707641196013,
  "b2": 0.2335928809788654,
  "n1": 301,
  "n2": 899,
  "coverage": 0.4975000023841858,
  "beta_pos": 0.9876635074615479,
  "beta_neg": 0.9955013394355774,
  "S_val": 0.35340745152972736,
  "S_test": 0.3401168453978376,
  "t_reducer": 2668.3246511309408,
  "t_model": 0.0,
  "unary_device": "cuda:0",
  "n_selected": 10,
  "selected_indices": "2,5,6,9,18,22,25,26,27,29"
}