{
  "fold": 6,
  "model_name": "KNN",
  "train_indices": [
    0,
    1,
    2,
    3,
    4,
    5,
    6,
    7,
    8,
    9,
    10,
    12,
    13,
    14,
    15,
    16,
    17,
    18,
    19,
    20,
    21,
    22,
    23,
    24,
    25,
    26,
    27,
    28,
    29,
    30,
    31,
    32,
    33,
    34,
    35,
    37,
    38,
    39,
    40,
    41,
    42,
    43,
    44,
    46,
    47,
    48,
    49,
    52,
    53,
    54,
    56,
    57,
    58,
    59,
    60,
    61
  ],
  "test_indices": [
    11,
    36,
    45,
    50,
    51,
    55
  ],
  "selected_indices": [
    66,
    244,
    248,
    266,
    285,
    376,
    492,
    512,
    738,
    805,
    811,
    1284,
    1422,
    1883
  ],
  "train_size": 56,
  "test_size": 6,
  "n_selected": 14,
  "accuracy": 0.6666666666666666,
  "classification_error": 0.33333333333333337,
  "f1_score": 0.5
}