dataset,method,q,model,fold,F12,G12,a1,a2,b1,b2,n1,n2,coverage,beta_pos,beta_neg,S_val,S_test,t_reducer,t_model,unary_device,n_selected,selected_indices
DS-B,HSIC_Lasso,10,UnaryMLP,1,0.2726850136795092,0.15986609531946008,0.3687707641196013,0.21690767519466073,0.2059800664451827,0.13125695216907676,301,899,0.4658333361148834,0.9914010167121887,1.0034091472625732,0.2369838199942989,0.2327184898496442,0.1634006870444864,0.0,cuda:0,,
DS-B,HSIC_Lasso,10,UnaryMLP,2,0.2787738048034696,0.14184726945103596,0.3687707641196013,0.22469410456062291,0.1362126245847176,0.14905450500556172,301,899,0.42000001668930054,1.0036466121673584,1.0104233026504517,0.22860177306761825,0.2433119874407106,0.1474948610411957,0.0,cuda:0,,
DS-B,HSIC_Lasso,10,UnaryMLP,3,0.3026829333432482,0.20650107820652103,0.3953488372093023,0.24582869855394884,0.23920265780730898,0.18242491657397109,301,899,0.45250001549720764,0.982814610004425,0.9993637800216675,0.27305405537938154,0.2510576637916179,0.1465034489519894,0.0,cuda:0,,
DS-B,HSIC_Lasso,10,UnaryMLP,4,0.30665440599181254,0.19845007858526778,0.3289036544850498,0.28809788654060065,0.34219269102990035,0.14015572858731926,301,899,0.5250000357627869,0.969251811504364,1.0043466091156006,0.29195308416439064,0.2570418863454956,0.14844265498686582,0.0,cuda:0,,
DS-B,HSIC_Lasso,10,UnaryMLP,5,0.23479591063182276,0.14284855568171456,0.2847682119205298,0.20044543429844097,0.20860927152317882,0.1091314031180401,302,898,0.45750001072883606,1.0076323747634888,1.0057899951934814,0.22088792549603925,0.19908377171139413,0.1732542390236631,0.0,cuda:0,,
