{
  "dataset": "DS-B",
  "method": "PLS",
  "q": 10,
  "model": "UnaryMLP",
  "fold": 2,
  "F12": 0.2246707429459281,
  "G12": 0.2645574566664497,
  "a1": 0.2691029900332226,
  "a2": 0.1935483870967742,
  "b1": 0.3521594684385382,
  "b2": 0.21245828698553948,
  "n1": 301,
  "n2": 899,
  "coverage": 0.36916667222976685,
  "beta_pos": 0.9826104044914246,
  "beta_neg": 1.008483648300171,
  "S_val": 0.16394945566282337,
  "S_test": 0.15853137877931567,
  "t_reducer": 0.004019048064947128,
  "t_model": 0.0,
  "unary_device": "cuda:0",
  "n_selected": null,
  "selected_indices": null
}