{
  "dataset": "DS-B",
  "method": "PLS",
  "q": 10,
  "model": "UnaryMLP",
  "fold": 1,
  "F12": 0.2566301137815653,
  "G12": 0.19561782155578664,
  "a1": 0.3488372093023256,
  "a2": 0.203559510567297,
  "b1": 0.2823920265780731,
  "b2": 0.15016685205784205,
  "n1": 301,
  "n2": 899,
  "coverage": 0.460833340883255,
  "beta_pos": 0.9746997356414795,
  "beta_neg": 1.0059071779251099,
  "S_val": 0.25323476649935156,
  "S_test": 0.20772565839261864,
  "t_reducer": 0.004456424969248474,
  "t_model": 0.0,
  "unary_device": "cuda:0",
  "n_selected": null,
  "selected_indices": null
}