{
  "fold": 9,
  "test_indices": [
    9,
    26,
    31,
    38,
    44,
    46
  ],
  "selected_indices": [
    136,
    248,
    266,
    364,
    376,
    418,
    492,
    624,
    764,
    1059,
    1259,
    1572,
    1634,
    1872
  ],
  "accuracy": 0.8333333333333334,
  "classification_error": 0.16666666666666663,
  "f1_score": 0.8
}