{
  "fold": 7,
  "test_indices": [
    5,
    6,
    7,
    14,
    20,
    29
  ],
  "selected_indices": [
    285,
    376,
    452,
    512,
    626,
    664,
    779,
    1059,
    1572,
    1667,
    1770,
    1771,
    1883,
    1981
  ],
  "accuracy": 0.8333333333333334,
  "classification_error": 0.16666666666666663,
  "f1_score": 0.8
}