{
  "fold": 2,
  "test_indices": [
    8,
    15,
    18,
    32,
    42,
    53,
    56
  ],
  "selected_indices": [
    30,
    46,
    142,
    558,
    608,
    733,
    738,
    805,
    1001,
    1041,
    1324,
    1581,
    1633,
    1771
  ],
  "accuracy": 0.7142857142857143,
  "classification_error": 0.2857142857142857,
  "f1_score": 0.5
}