{
  "fold": 5,
  "test_indices": [
    0,
    1,
    2,
    23,
    28,
    52
  ],
  "selected_indices": [
    46,
    168,
    398,
    410,
    488,
    624,
    1057,
    1066,
    1345,
    1633,
    1678,
    1892,
    1937,
    1941
  ],
  "accuracy": 0.6666666666666666,
  "classification_error": 0.33333333333333337,
  "f1_score": 0.5
}