{
  "fold": 10,
  "test_indices": [
    12,
    16,
    21,
    40,
    49,
    60
  ],
  "selected_indices": [
    189,
    285,
    492,
    764,
    1057,
    1109,
    1226,
    1352,
    1545,
    1770,
    1872,
    1911,
    1934,
    1959
  ],
  "accuracy": 0.8333333333333334,
  "classification_error": 0.16666666666666663,
  "f1_score": 0.6666666666666666
}