{
  "dataset": "DS-B",
  "method": "PLS",
  "q": 15,
  "model": "UnaryMLP",
  "fold": 5,
  "F12": 0.3335146984251547,
  "G12": 0.17962630298981042,
  "a1": 0.32450331125827814,
  "a2": 0.344097995545657,
  "b1": 0.18211920529801323,
  "b2": 0.17817371937639198,
  "n1": 302,
  "n2": 898,
  "coverage": 0.45083335041999817,
  "beta_pos": 0.9970448017120361,
  "beta_neg": 0.9990384578704834,
  "S_val": 0.30064349349445424,
  "S_test": 0.2886081226777021,
  "t_reducer": 0.0055218449560925364,
  "t_model": 0.0,
  "unary_device": "cuda:0",
  "n_selected": null,
  "selected_indices": null
}