{
  "dataset": "DS-B",
  "method": "Ensembleunar",
  "q": 5,
  "model": "UnaryMLP",
  "fold": 3,
  "F12": 0.3036061789069685,
  "G12": 0.2053919357334143,
  "a1": 0.34219269102990035,
  "a2": 0.27363737486095663,
  "b1": 0.3122923588039867,
  "b2": 0.15350389321468297,
  "n1": 301,
  "n2": 899,
  "coverage": 0.4883333444595337,
  "beta_pos": 0.9793132543563843,
  "beta_neg": 1.0030596256256104,
  "S_val": 0.30290951858020637,
  "S_test": 0.2522581949736149,
  "t_reducer": 2666.1710359510034,
  "t_model": 0.0,
  "unary_device": "cuda:0",
  "n_selected": 5,
  "selected_indices": "5,6,9,18,26"
}