{
  "dataset": "DS-B",
  "method": "Ensembleunar",
  "q": 10,
  "model": "UnaryMLP",
  "fold": 1,
  "F12": 0.39631824835427615,
  "G12": 0.28198740901756664,
  "a1": 0.3588039867109635,
  "a2": 0.44382647385984425,
  "b1": 0.40863787375415284,
  "b2": 0.21579532814238042,
  "n1": 301,
  "n2": 899,
  "coverage": 0.4775000214576721,
  "beta_pos": 0.9879404902458191,
  "beta_neg": 0.9953484535217285,
  "S_val": 0.36843392834366334,
  "S_test": 0.3258213960998845,
  "t_reducer": 2667.4955858760513,
  "t_model": 0.0,
  "unary_device": "cuda:0",
  "n_selected": 10,
  "selected_indices": "2,5,6,9,18,22,25,26,27,29"
}