{
  "dataset": "DS-B",
  "method": "Ensembleunar",
  "q": 15,
  "model": "UnaryMLP",
  "fold": 1,
  "F12": 0.3742885322118404,
  "G12": 0.2195338947858221,
  "a1": 0.4186046511627907,
  "a2": 0.339265850945495,
  "b1": 0.2823920265780731,
  "b2": 0.18020022246941045,
  "n1": 301,
  "n2": 899,
  "coverage": 0.49916666746139526,
  "beta_pos": 0.9926175475120544,
  "beta_neg": 0.9982407689094543,
  "S_val": 0.33816283754894055,
  "S_test": 0.31940505851538487,
  "t_reducer": 2663.814782692003,
  "t_model": 0.0,
  "unary_device": "cuda:0",
  "n_selected": 15,
  "selected_indices": "2,3,4,5,6,8,9,16,17,18,22,25,26,27,29"
}