dataset,method,q,model,fold,F12,G12,a1,a2,b1,b2,n1,n2,coverage,beta_pos,beta_neg,S_val,S_test,t_reducer,t_model,unary_device,n_selected,selected_indices
DS-B,PCA,5,UnaryMLP,1,0.1847547062115314,0.18817650839279826,0.1893687707641196,0.18131256952169078,0.1893687707641196,0.18798665183537264,301,899,0.36666667461395264,0.9956052899360657,0.9789847135543823,0.14257454048496535,0.13771057911333184,0.0010693429503589869,0.0,cuda:0,,
DS-B,PCA,5,UnaryMLP,2,0.18722714222360792,0.10562177233368493,0.3289036544850498,0.13125695216907676,0.09966777408637874,0.11345939933259176,301,899,0.42166668176651,0.9766513109207153,1.0171358585357666,0.17874881030302917,0.16082169914018668,0.0009950329549610615,0.0,cuda:0,,
DS-B,PCA,5,UnaryMLP,3,0.13447988151737744,0.06160932620235583,0.14285714285714285,0.12791991101223582,0.05647840531561462,0.06896551724137931,301,899,0.2475000023841858,1.0733888149261475,1.0068318843841553,0.11816063803119374,0.11907754996678849,0.0009921940509229898,0.0,cuda:0,,
DS-B,PCA,5,UnaryMLP,4,0.251300502737528,0.13224672824924266,0.3089700996677741,0.21245828698553948,0.11627906976744186,0.1546162402669633,301,899,0.46916666626930237,1.0295435190200806,0.991249144077301,0.20471167805013438,0.21823882067521735,0.0012428050395101309,0.0,cuda:0,,
DS-B,PCA,5,UnaryMLP,5,0.1497942616294981,0.09306814307810743,0.17549668874172186,0.13140311804008908,0.08609271523178808,0.10244988864142539,302,898,0.3166666626930237,1.0776667594909668,0.9783321022987366,0.1605567641093536,0.12652722585997125,0.0010086980182677507,0.0,cuda:0,,
