{
  "dataset": "DS-B",
  "method": "PCA",
  "q": 15,
  "model": "UnaryMLP",
  "fold": 1,
  "F12": 0.11218141993156934,
  "G12": 0.19690503570954865,
  "a1": 0.19601328903654486,
  "a2": 0.07897664071190211,
  "b1": 0.18604651162790697,
  "b2": 0.21023359288097887,
  "n1": 301,
  "n2": 899,
  "coverage": 0.21250000596046448,
  "beta_pos": 0.9862726926803589,
  "beta_neg": 0.9814780950546265,
  "S_val": 0.08728129436860939,
  "S_test": 0.06295516100418218,
  "t_reducer": 0.0010558220092207193,
  "t_model": 0.0,
  "unary_device": "cuda:0",
  "n_selected": null,
  "selected_indices": null
}