{
  "dataset": "DS-B",
  "method": "PCA",
  "q": 15,
  "model": "UnaryMLP",
  "fold": 5,
  "F12": 0.0929106628659625,
  "G12": 0.13597652958815729,
  "a1": 0.06291390728476821,
  "a2": 0.18040089086859687,
  "b1": 0.152317880794702,
  "b2": 0.12360801781737193,
  "n1": 302,
  "n2": 898,
  "coverage": 0.22500000894069672,
  "beta_pos": 1.0292091369628906,
  "beta_neg": 0.9732643365859985,
  "S_val": 0.0926218384713666,
  "S_test": 0.05891653046892318,
  "t_reducer": 0.0010704599553719163,
  "t_model": 0.0,
  "unary_device": "cuda:0",
  "n_selected": null,
  "selected_indices": null
}