{
  "dataset": "DS-B",
  "method": "PCA",
  "q": 10,
  "model": "UnaryMLP",
  "fold": 2,
  "F12": 0.1598371783367237,
  "G12": 0.11442581633884924,
  "a1": 0.16279069767441862,
  "a2": 0.15795328142380421,
  "b1": 0.12292358803986711,
  "b2": 0.10789766407119021,
  "n1": 301,
  "n2": 899,
  "coverage": 0.32333335280418396,
  "beta_pos": 0.9888282418251038,
  "beta_neg": 1.00450599193573,
  "S_val": 0.13133096845417946,
  "S_test": 0.13123072425201138,
  "t_reducer": 0.0010004990035668015,
  "t_model": 0.0,
  "unary_device": "cuda:0",
  "n_selected": null,
  "selected_indices": null
}