{
  "dataset": "DS-B",
  "method": "Ensembleunar",
  "q": 15,
  "model": "UnaryMLP",
  "fold": 3,
  "F12": 0.4388772700731321,
  "G12": 0.22008331706955797,
  "a1": 0.4850498338870432,
  "a2": 0.40155728587319245,
  "b1": 0.26245847176079734,
  "b2": 0.19021134593993325,
  "n1": 301,
  "n2": 899,
  "coverage": 0.5425000190734863,
  "beta_pos": 0.9854812622070312,
  "beta_neg": 0.9947823286056519,
  "S_val": 0.39188477897681395,
  "S_test": 0.3838564408057426,
  "t_reducer": 2666.6323519250145,
  "t_model": 0.0,
  "unary_device": "cuda:0",
  "n_selected": 15,
  "selected_indices": "0,2,5,6,9,10,11,18,20,22,25,26,27,28,29"
}