{
  "dataset": "DS-B",
  "method": "PCA",
  "q": 10,
  "model": "UnaryMLP",
  "fold": 1,
  "F12": 0.2673542093192262,
  "G12": 0.11562582659308863,
  "a1": 0.3222591362126246,
  "a2": 0.22914349276974416,
  "b1": 0.10631229235880399,
  "b2": 0.12791991101223582,
  "n1": 301,
  "n2": 899,
  "coverage": 0.48000001907348633,
  "beta_pos": 0.9671937227249146,
  "beta_neg": 1.009279489517212,
  "S_val": 0.27716213165404163,
  "S_test": 0.23844775267095406,
  "t_reducer": 0.0010144669795408845,
  "t_model": 0.0,
  "unary_device": "cuda:0",
  "n_selected": null,
  "selected_indices": null
}