{
  "dataset": "DS-B",
  "method": "HSIC_Lasso",
  "q": 10,
  "model": "UnaryMLP",
  "fold": 5,
  "F12": 0.23479591063182276,
  "G12": 0.14284855568171456,
  "a1": 0.2847682119205298,
  "a2": 0.20044543429844097,
  "b1": 0.20860927152317882,
  "b2": 0.1091314031180401,
  "n1": 302,
  "n2": 898,
  "coverage": 0.45750001072883606,
  "beta_pos": 1.0076323747634888,
  "beta_neg": 1.0057899951934814,
  "S_val": 0.22088792549603925,
  "S_test": 0.19908377171139413,
  "t_reducer": 0.1732542390236631,
  "t_model": 0.0,
  "unary_device": "cuda:0",
  "n_selected": null,
  "selected_indices": null
}