{
  "dataset": "DS-B",
  "method": "PLS",
  "q": 10,
  "model": "UnaryMLP",
  "fold": 3,
  "F12": 0.22574683339735177,
  "G12": 0.21636732203221862,
  "a1": 0.27906976744186046,
  "a2": 0.19021134593993325,
  "b1": 0.34551495016611294,
  "b2": 0.15795328142380421,
  "n1": 301,
  "n2": 899,
  "coverage": 0.41833335161209106,
  "beta_pos": 0.9681479930877686,
  "beta_neg": 1.0050698518753052,
  "S_val": 0.18014657937651352,
  "S_test": 0.1716550028892971,
  "t_reducer": 0.004368960973806679,
  "t_model": 0.0,
  "unary_device": "cuda:0",
  "n_selected": null,
  "selected_indices": null
}