{
  "fold": 8,
  "test_indices": [
    3,
    25,
    35,
    39,
    54,
    58
  ],
  "selected_indices": [
    13,
    65,
    285,
    376,
    494,
    560,
    580,
    801,
    1422,
    1634,
    1883,
    1896,
    1916,
    1997
  ],
  "accuracy": 0.8333333333333334,
  "classification_error": 0.16666666666666663,
  "f1_score": 0.6666666666666666
}