{
  "fold": 9,
  "test_indices": [
    9,
    26,
    31,
    38,
    44,
    46
  ],
  "selected_indices": [
    136,
    244,
    248,
    266,
    285,
    376,
    492,
    720,
    779,
    896,
    1041,
    1634,
    1842,
    1866
  ],
  "accuracy": 0.6666666666666666,
  "classification_error": 0.33333333333333337,
  "f1_score": 0.6666666666666666
}