{
  "dataset": "DS-B",
  "method": "PLS",
  "q": 5,
  "model": "UnaryMLP",
  "fold": 5,
  "F12": 0.35744419222246093,
  "G12": 0.2737548879206382,
  "a1": 0.4470198675496689,
  "a2": 0.2984409799554566,
  "b1": 0.28807947019867547,
  "b2": 0.26169265033407574,
  "n1": 302,
  "n2": 898,
  "coverage": 0.4675000011920929,
  "beta_pos": 0.9636794924736023,
  "beta_neg": 0.98970627784729,
  "S_val": 0.25254358363612556,
  "S_test": 0.2890054702423014,
  "t_reducer": 0.002874355996027589,
  "t_model": 0.0,
  "unary_device": "cuda:0",
  "n_selected": null,
  "selected_indices": null
}