{
  "dataset": "DS-B",
  "method": "PLS",
  "q": 15,
  "model": "UnaryMLP",
  "fold": 4,
  "F12": 0.25917075746551493,
  "G12": 0.3136945008705597,
  "a1": 0.2724252491694352,
  "a2": 0.24805339265850945,
  "b1": 0.3023255813953488,
  "b2": 0.3270300333704116,
  "n1": 301,
  "n2": 899,
  "coverage": 0.3166666626930237,
  "beta_pos": 0.9553788900375366,
  "beta_neg": 0.9831235408782959,
  "S_val": 0.21357978273942815,
  "S_test": 0.180747132247875,
  "t_reducer": 0.005351321073248982,
  "t_model": 0.0,
  "unary_device": "cuda:0",
  "n_selected": null,
  "selected_indices": null
}