{
  "dataset": "DS-B",
  "method": "PCA",
  "q": 5,
  "model": "UnaryMLP",
  "fold": 5,
  "F12": 0.1497942616294981,
  "G12": 0.09306814307810743,
  "a1": 0.17549668874172186,
  "a2": 0.13140311804008908,
  "b1": 0.08609271523178808,
  "b2": 0.10244988864142539,
  "n1": 302,
  "n2": 898,
  "coverage": 0.3166666626930237,
  "beta_pos": 1.0776667594909668,
  "beta_neg": 0.9783321022987366,
  "S_val": 0.1605567641093536,
  "S_test": 0.12652722585997125,
  "t_reducer": 0.0010086980182677507,
  "t_model": 0.0,
  "unary_device": "cuda:0",
  "n_selected": null,
  "selected_indices": null
}