{
  "dataset": "DS-B",
  "method": "HSIC_Lasso",
  "q": 5,
  "model": "UnaryMLP",
  "fold": 4,
  "F12": 0.4577315039016302,
  "G12": 0.22420115084874526,
  "a1": 0.4883720930232558,
  "a2": 0.43159065628476084,
  "b1": 0.24584717607973422,
  "b2": 0.20689655172413793,
  "n1": 301,
  "n2": 899,
  "coverage": 0.5066666603088379,
  "beta_pos": 0.9906763434410095,
  "beta_neg": 0.9859448075294495,
  "S_val": 0.4204866040218781,
  "S_test": 0.40168121618944386,
  "t_reducer": 0.11274984304327518,
  "t_model": 0.0,
  "unary_device": "cuda:0",
  "n_selected": null,
  "selected_indices": null
}