dataset,method,q,model,fold,F12,G12,a1,a2,b1,b2,n1,n2,coverage,beta_pos,beta_neg,S_val,S_test,t_reducer,t_model,unary_device,n_selected,selected_indices
DS-B,HSIC_Lasso,5,UnaryMLP,1,0.3267373123868234,0.20128416867065105,0.38870431893687707,0.2825361512791991,0.21926910299003322,0.18687430478309233,301,899,0.42750000953674316,0.9920992851257324,0.9787976741790771,0.2764984139081736,0.27641627021916065,2.0632096719928086,0.0,cuda:0,,
DS-B,HSIC_Lasso,5,UnaryMLP,2,0.41534181073271803,0.15615861679907023,0.46179401993355484,0.3781979977753059,0.12956810631229235,0.19799777530589543,301,899,0.48416668176651,0.9984375238418579,0.9937114715576172,0.3770728821905629,0.37630215653295046,0.11716475302819163,0.0,cuda:0,,
DS-B,HSIC_Lasso,5,UnaryMLP,3,0.42358552441281316,0.2222193138638603,0.44518272425249167,0.40489432703003336,0.24916943521594684,0.20133481646273638,301,899,0.48000001907348633,0.9641987681388855,0.9894518852233887,0.3806818237786901,0.3680306959468481,0.1313058170489967,0.0,cuda:0,,
DS-B,HSIC_Lasso,5,UnaryMLP,4,0.4577315039016302,0.22420115084874526,0.4883720930232558,0.43159065628476084,0.24584717607973422,0.20689655172413793,301,899,0.5066666603088379,0.9906763434410095,0.9859448075294495,0.4204866040218781,0.40168121618944386,0.11274984304327518,0.0,cuda:0,,
DS-B,HSIC_Lasso,5,UnaryMLP,5,0.4395884037235199,0.17882731287521034,0.44370860927152317,0.4365256124721604,0.17218543046357615,0.1870824053452116,302,898,0.49166667461395264,0.9911265969276428,0.994100034236908,0.3861400770630016,0.39488157550471736,0.12264112499542534,0.0,cuda:0,,
