{
  "fold": 3,
  "train_indices": [
    0,
    1,
    2,
    3,
    4,
    5,
    6,
    7,
    8,
    9,
    10,
    11,
    12,
    13,
    14,
    15,
    16,
    17,
    18,
    20,
    21,
    23,
    24,
    25,
    26,
    28,
    29,
    30,
    31,
    32,
    34,
    35,
    36,
    37,
    38,
    39,
    40,
    41,
    42,
    43,
    44,
    45,
    46,
    47,
    49,
    50,
    51,
    52,
    53,
    54,
    55,
    56,
    57,
    58,
    60,
    61
  ],
  "test_indices": [
    19,
    22,
    27,
    33,
    48,
    59
  ],
  "selected_indices": [
    13,
    244,
    248,
    266,
    364,
    376,
    492,
    764,
    779,
    1422,
    1581,
    1634,
    1872,
    1916
  ],
  "fit_size_inner": 33,
  "par_size_inner": 11,
  "ckpt_size_inner": 12,
  "best_epoch": 90,
  "beta_pos": 0.46315377950668335,
  "beta_neg": 0.6861870884895325,
  "cG": 1.0,
  "S_par": 0.4610419548178884,
  "F12_par": 0.4610419548178884,
  "G12_par": 0.0,
  "S_ckpt": 0.6813226744186047,
  "F12_ckpt": 0.6813226744186047,
  "G12_ckpt": 0.0,
  "S_test": 0.6662225183211193,
  "F12_test": 0.6662225183211193,
  "G12_test": 0.0,
  "a1_test": 1.0,
  "a2_test": 0.5,
  "b1_test": 0.0,
  "b2_test": 0.25,
  "decided_count": 4,
  "conflict_count": 1,
  "reject_count": 1,
  "wrong_exclusive_count": 0,
  "correct_exclusive_count": 4,
  "coverage": 0.6666666666666666,
  "conflict_rate": 0.16666666666666666,
  "reject_rate": 0.16666666666666666,
  "wrong_exclusive_rate": 0.0,
  "correct_exclusive_rate": 0.6666666666666666,
  "selective_accuracy": 1.0,
  "selective_error": 0.0,
  "selective_f1": 1.0,
  "conservative_accuracy": 0.6666666666666666,
  "conservative_error": 0.33333333333333337,
  "checkpoint_history_file": "results_colon_cv_seed42_1_400_2_64_5000_1/unary_strict_details/fold_03_checkpoint_history.csv"
}