{
  "fold": 1,
  "train_indices": [
    0,
    1,
    2,
    3,
    4,
    5,
    6,
    7,
    8,
    9,
    10,
    11,
    12,
    14,
    15,
    16,
    18,
    19,
    20,
    21,
    22,
    23,
    24,
    25,
    26,
    27,
    28,
    29,
    31,
    32,
    33,
    35,
    36,
    38,
    39,
    40,
    42,
    44,
    45,
    46,
    47,
    48,
    49,
    50,
    51,
    52,
    53,
    54,
    55,
    56,
    57,
    58,
    59,
    60,
    61
  ],
  "test_indices": [
    13,
    17,
    30,
    34,
    37,
    41,
    43
  ],
  "selected_indices": [
    240,
    244,
    266,
    376,
    492,
    512,
    764,
    779,
    896,
    1422,
    1581,
    1634,
    1729,
    1771
  ],
  "fit_size_inner": 33,
  "par_size_inner": 11,
  "ckpt_size_inner": 11,
  "best_epoch": 245,
  "beta_pos": 0.1573566496372223,
  "beta_neg": 0.24630200862884521,
  "cG": 1.0,
  "S_par": 0.6481581505887437,
  "F12_par": 0.6481581505887437,
  "G12_par": 0.0,
  "S_ckpt": 0.8328475056217207,
  "F12_ckpt": 0.8328475056217207,
  "G12_ckpt": 0.0,
  "S_test": 0.5709391949757352,
  "F12_test": 0.5709391949757352,
  "G12_test": 0.0,
  "a1_test": 0.6666666666666666,
  "a2_test": 0.5,
  "b1_test": 0.0,
  "b2_test": 0.25,
  "decided_count": 4,
  "conflict_count": 1,
  "reject_count": 2,
  "wrong_exclusive_count": 0,
  "correct_exclusive_count": 4,
  "coverage": 0.5714285714285714,
  "conflict_rate": 0.14285714285714285,
  "reject_rate": 0.2857142857142857,
  "wrong_exclusive_rate": 0.0,
  "correct_exclusive_rate": 0.5714285714285714,
  "selective_accuracy": 1.0,
  "selective_error": 0.0,
  "selective_f1": 1.0,
  "conservative_accuracy": 0.5714285714285714,
  "conservative_error": 0.4285714285714286,
  "checkpoint_history_file": "results_colon_cv_seed42_1_400_2_64_5000_1/unary_strict_details/fold_01_checkpoint_history.csv"
}