{
  "fold": 4,
  "train_indices": [
    0,
    1,
    2,
    3,
    5,
    6,
    7,
    8,
    9,
    11,
    12,
    13,
    14,
    15,
    16,
    17,
    18,
    19,
    20,
    21,
    22,
    23,
    25,
    26,
    27,
    28,
    29,
    30,
    31,
    32,
    33,
    34,
    35,
    36,
    37,
    38,
    39,
    40,
    41,
    42,
    43,
    44,
    45,
    46,
    48,
    49,
    50,
    51,
    52,
    53,
    54,
    55,
    56,
    58,
    59,
    60
  ],
  "test_indices": [
    4,
    10,
    24,
    47,
    57,
    61
  ],
  "selected_indices": [
    13,
    266,
    410,
    512,
    575,
    801,
    963,
    1255,
    1405,
    1634,
    1771,
    1835,
    1883,
    1899
  ],
  "fit_size_inner": 33,
  "par_size_inner": 11,
  "ckpt_size_inner": 12,
  "best_epoch": 205,
  "beta_pos": 0.07243046164512634,
  "beta_neg": 0.32617297768592834,
  "cG": 1.0,
  "S_par": 0.5328360197149328,
  "F12_par": 0.5328360197149328,
  "G12_par": 0.0,
  "S_ckpt": 0.8566533409480298,
  "F12_ckpt": 0.8566533409480298,
  "G12_ckpt": 0.0,
  "S_test": -0.6662225183211193,
  "F12_test": 0.0,
  "G12_test": 0.6662225183211193,
  "a1_test": 0.0,
  "a2_test": 0.25,
  "b1_test": 1.0,
  "b2_test": 0.5,
  "decided_count": 1,
  "conflict_count": 4,
  "reject_count": 1,
  "wrong_exclusive_count": 0,
  "correct_exclusive_count": 1,
  "coverage": 0.16666666666666666,
  "conflict_rate": 0.6666666666666666,
  "reject_rate": 0.16666666666666666,
  "wrong_exclusive_rate": 0.0,
  "correct_exclusive_rate": 0.16666666666666666,
  "selective_accuracy": 1.0,
  "selective_error": 0.0,
  "selective_f1": 0.0,
  "conservative_accuracy": 0.16666666666666666,
  "conservative_error": 0.8333333333333334,
  "checkpoint_history_file": "results_colon_cv_seed42_1_400_2_64_5000_1/unary_strict_details/fold_04_checkpoint_history.csv"
}