{
  "dataset": "DS-B",
  "method": "PCA",
  "q": 15,
  "model": "UnaryMLP",
  "fold": 2,
  "F12": 0.12143169792150538,
  "G12": 0.17536730542825174,
  "a1": 0.1461794019933555,
  "a2": 0.10456062291434928,
  "b1": 0.17275747508305647,
  "b2": 0.17908787541713014,
  "n1": 301,
  "n2": 899,
  "coverage": 0.18666666746139526,
  "beta_pos": 0.9969017505645752,
  "beta_neg": 0.9741030931472778,
  "S_val": 0.11430066999627277,
  "S_test": 0.07758987156444244,
  "t_reducer": 0.0010948190465569496,
  "t_model": 0.0,
  "unary_device": "cuda:0",
  "n_selected": null,
  "selected_indices": null
}