{
  "dataset": "DS-B",
  "method": "HSIC_Lasso",
  "q": 5,
  "model": "UnaryMLP",
  "fold": 5,
  "F12": 0.4395884037235199,
  "G12": 0.17882731287521034,
  "a1": 0.44370860927152317,
  "a2": 0.4365256124721604,
  "b1": 0.17218543046357615,
  "b2": 0.1870824053452116,
  "n1": 302,
  "n2": 898,
  "coverage": 0.49166667461395264,
  "beta_pos": 0.9911265969276428,
  "beta_neg": 0.994100034236908,
  "S_val": 0.3861400770630016,
  "S_test": 0.39488157550471736,
  "t_reducer": 0.12264112499542534,
  "t_model": 0.0,
  "unary_device": "cuda:0",
  "n_selected": null,
  "selected_indices": null
}