{
  "dataset": "DS-B",
  "method": "PCA",
  "q": 10,
  "model": "UnaryMLP",
  "fold": 5,
  "F12": 0.24352485785857453,
  "G12": 0.17368202396104573,
  "a1": 0.2682119205298013,
  "a2": 0.22383073496659242,
  "b1": 0.16556291390728478,
  "b2": 0.18374164810690424,
  "n1": 302,
  "n2": 898,
  "coverage": 0.4116666913032532,
  "beta_pos": 0.9675271511077881,
  "beta_neg": 1.0026246309280396,
  "S_val": 0.2276180746305734,
  "S_test": 0.2001043518683131,
  "t_reducer": 0.0010407320223748684,
  "t_model": 0.0,
  "unary_device": "cuda:0",
  "n_selected": null,
  "selected_indices": null
}