{
  "dataset": "DS-B",
  "method": "PLS",
  "q": 5,
  "model": "UnaryMLP",
  "fold": 1,
  "F12": 0.3439399772306924,
  "G12": 0.36001240230294773,
  "a1": 0.3289036544850498,
  "a2": 0.3615127919911012,
  "b1": 0.3687707641196013,
  "b2": 0.3526140155728587,
  "n1": 301,
  "n2": 899,
  "coverage": 0.4150000214576721,
  "beta_pos": 0.9684545397758484,
  "beta_neg": 1.0021408796310425,
  "S_val": 0.2737959796269288,
  "S_test": 0.25393687665495546,
  "t_reducer": 0.011615986935794353,
  "t_model": 0.0,
  "unary_device": "cuda:0",
  "n_selected": null,
  "selected_indices": null
}