{
  "dataset": "DS-B",
  "method": "PCA",
  "q": 5,
  "model": "UnaryMLP",
  "fold": 1,
  "F12": 0.1847547062115314,
  "G12": 0.18817650839279826,
  "a1": 0.1893687707641196,
  "a2": 0.18131256952169078,
  "b1": 0.1893687707641196,
  "b2": 0.18798665183537264,
  "n1": 301,
  "n2": 899,
  "coverage": 0.36666667461395264,
  "beta_pos": 0.9956052899360657,
  "beta_neg": 0.9789847135543823,
  "S_val": 0.14257454048496535,
  "S_test": 0.13771057911333184,
  "t_reducer": 0.0010693429503589869,
  "t_model": 0.0,
  "unary_device": "cuda:0",
  "n_selected": null,
  "selected_indices": null
}