{
  "fold": 2,
  "test_indices": [
    8,
    15,
    18,
    32,
    42,
    53,
    56
  ],
  "selected_indices": [
    42,
    240,
    248,
    266,
    492,
    512,
    821,
    896,
    1041,
    1066,
    1422,
    1581,
    1633,
    1771
  ],
  "accuracy": 0.8571428571428571,
  "classification_error": 0.1428571428571429,
  "f1_score": 0.8
}