{
  "fold": 8,
  "test_indices": [
    3,
    25,
    35,
    39,
    54,
    58
  ],
  "selected_indices": [
    13,
    248,
    285,
    376,
    492,
    560,
    580,
    1257,
    1324,
    1410,
    1493,
    1634,
    1883,
    1896
  ],
  "accuracy": 0.8333333333333334,
  "classification_error": 0.16666666666666663,
  "f1_score": 0.6666666666666666
}