{
  "fold": 6,
  "test_indices": [
    11,
    36,
    45,
    50,
    51,
    55
  ],
  "selected_indices": [
    66,
    244,
    248,
    266,
    285,
    376,
    492,
    512,
    738,
    805,
    811,
    1284,
    1422,
    1883
  ],
  "accuracy": 0.6666666666666666,
  "classification_error": 0.33333333333333337,
  "f1_score": 0.5
}