{
  "fold": 9,
  "test_indices": [
    9,
    26,
    31,
    38,
    44,
    46
  ],
  "selected_indices": [
    136,
    244,
    248,
    266,
    344,
    376,
    492,
    624,
    764,
    891,
    896,
    1493,
    1634,
    1842
  ],
  "accuracy": 0.8333333333333334,
  "classification_error": 0.16666666666666663,
  "f1_score": 0.8
}