{
  "dataset": "DS-B",
  "method": "HSIC_Lasso",
  "q": 15,
  "model": "UnaryMLP",
  "fold": 4,
  "F12": 0.2883731479865883,
  "G12": 0.10536252386555736,
  "a1": 0.2425249169435216,
  "a2": 0.35706340378198,
  "b1": 0.10963455149501661,
  "b2": 0.10233592880978866,
  "n1": 301,
  "n2": 899,
  "coverage": 0.4416666626930237,
  "beta_pos": 1.0216796398162842,
  "beta_neg": 0.9973928928375244,
  "S_val": 0.27545039061614407,
  "S_test": 0.262032517020199,
  "t_reducer": 0.24539395596366376,
  "t_model": 0.0,
  "unary_device": "cuda:0",
  "n_selected": null,
  "selected_indices": null
}