{
  "dataset": "DS-B",
  "method": "HSIC_Lasso",
  "q": 5,
  "model": "UnaryMLP",
  "fold": 1,
  "F12": 0.3267373123868234,
  "G12": 0.20128416867065105,
  "a1": 0.38870431893687707,
  "a2": 0.2825361512791991,
  "b1": 0.21926910299003322,
  "b2": 0.18687430478309233,
  "n1": 301,
  "n2": 899,
  "coverage": 0.42750000953674316,
  "beta_pos": 0.9920992851257324,
  "beta_neg": 0.9787976741790771,
  "S_val": 0.2764984139081736,
  "S_test": 0.27641627021916065,
  "t_reducer": 2.0632096719928086,
  "t_model": 0.0,
  "unary_device": "cuda:0",
  "n_selected": null,
  "selected_indices": null
}