{
  "fold": 9,
  "test_indices": [
    9,
    26,
    31,
    38,
    44,
    46
  ],
  "selected_indices": [
    136,
    248,
    266,
    376,
    492,
    764,
    891,
    896,
    1493,
    1634,
    1647,
    1769,
    1842,
    1942
  ],
  "accuracy": 0.8333333333333334,
  "classification_error": 0.16666666666666663,
  "f1_score": 0.8
}