{
  "dataset": "DS-B",
  "method": "Ensembleunar",
  "q": 15,
  "model": "UnaryMLP",
  "fold": 5,
  "F12": 0.37643758624374435,
  "G12": 0.21408243370763075,
  "a1": 0.37748344370860926,
  "a2": 0.37639198218262804,
  "b1": 0.3741721854304636,
  "b2": 0.15033407572383073,
  "n1": 302,
  "n2": 898,
  "coverage": 0.4833333492279053,
  "beta_pos": 0.9925641417503357,
  "beta_neg": 0.9944728016853333,
  "S_val": 0.3064783162096338,
  "S_test": 0.32291697781683665,
  "t_reducer": 2666.829989735037,
  "t_model": 0.0,
  "unary_device": "cuda:0",
  "n_selected": 15,
  "selected_indices": "0,2,5,6,7,9,10,11,16,18,22,25,26,27,29"
}