{
  "fold": 2,
  "test_indices": [
    8,
    15,
    18,
    32,
    42,
    53,
    56
  ],
  "selected_indices": [
    42,
    71,
    240,
    248,
    492,
    512,
    821,
    1003,
    1041,
    1422,
    1581,
    1633,
    1771,
    1872
  ],
  "accuracy": 0.7142857142857143,
  "classification_error": 0.2857142857142857,
  "f1_score": 0.6666666666666666
}