{
  "fold": 4,
  "test_indices": [
    4,
    10,
    24,
    47,
    57,
    61
  ],
  "selected_indices": [
    13,
    410,
    512,
    575,
    801,
    963,
    1041,
    1465,
    1581,
    1770,
    1771,
    1807,
    1835,
    1883
  ],
  "accuracy": 0.8333333333333334,
  "classification_error": 0.16666666666666663,
  "f1_score": 0.6666666666666666
}