{
  "fold": 8,
  "test_indices": [
    3,
    25,
    35,
    39,
    54,
    58
  ],
  "selected_indices": [
    13,
    180,
    285,
    376,
    560,
    580,
    801,
    1257,
    1324,
    1410,
    1634,
    1883,
    1896,
    1916
  ],
  "accuracy": 0.6666666666666666,
  "classification_error": 0.33333333333333337,
  "f1_score": 0.0
}