{
  "dataset": "DS-B",
  "method": "PCA",
  "q": 10,
  "model": "UnaryMLP",
  "fold": 3,
  "F12": 0.2740275024295061,
  "G12": 0.11513924832749682,
  "a1": 0.28903654485049834,
  "a2": 0.26140155728587317,
  "b1": 0.132890365448505,
  "b2": 0.10233592880978866,
  "n1": 301,
  "n2": 899,
  "coverage": 0.4633333384990692,
  "beta_pos": 0.9902311563491821,
  "beta_neg": 0.9958351850509644,
  "S_val": 0.287542029782513,
  "S_test": 0.24524269034763188,
  "t_reducer": 0.0010358940344303846,
  "t_model": 0.0,
  "unary_device": "cuda:0",
  "n_selected": null,
  "selected_indices": null
}