{
  "dataset": "DS-B",
  "method": "HSIC_Lasso",
  "q": 15,
  "model": "UnaryMLP",
  "fold": 3,
  "F12": 0.27502223612677174,
  "G12": 0.18481954677773285,
  "a1": 0.3588039867109635,
  "a2": 0.2235817575083426,
  "b1": 0.18272425249169436,
  "b2": 0.18798665183537264,
  "n1": 301,
  "n2": 899,
  "coverage": 0.4558333456516266,
  "beta_pos": 0.9950934052467346,
  "beta_neg": 1.0010530948638916,
  "S_val": 0.25299717766590646,
  "S_test": 0.22881734943233853,
  "t_reducer": 0.20997061405796558,
  "t_model": 0.0,
  "unary_device": "cuda:0",
  "n_selected": null,
  "selected_indices": null
}