dataset,method,q,model,fold,F12,G12,a1,a2,b1,b2,n1,n2,coverage,beta_pos,beta_neg,S_val,S_test,t_reducer,t_model,unary_device,n_selected,selected_indices
DS-B,PLS,5,UnaryMLP,1,0.3439399772306924,0.36001240230294773,0.3289036544850498,0.3615127919911012,0.3687707641196013,0.3526140155728587,301,899,0.4150000214576721,0.9684545397758484,1.0021408796310425,0.2737959796269288,0.25393687665495546,0.011615986935794353,0.0,cuda:0,,
DS-B,PLS,5,UnaryMLP,2,0.36239289308490963,0.3526594574857641,0.3588039867109635,0.3670745272525028,0.34219269102990035,0.36484983314794217,301,899,0.40416666865348816,0.9514142274856567,1.0098837614059448,0.2765072164901443,0.27422802871346863,0.002858766005374491,0.0,cuda:0,,
DS-B,PLS,5,UnaryMLP,3,0.38664213366913,0.30133784425919596,0.3654485049833887,0.41156840934371525,0.31561461794019935,0.289210233592881,301,899,0.4766666889190674,0.9619988203048706,1.0009337663650513,0.3316604134255054,0.311307672604331,0.002826207084581256,0.0,cuda:0,,
DS-B,PLS,5,UnaryMLP,4,0.42051652526410016,0.2630312275282454,0.4119601328903654,0.43047830923248054,0.2591362126245847,0.26807563959955505,301,899,0.503333330154419,0.9815621972084045,1.004567265510559,0.3792959299347056,0.3547587183820388,0.002809135941788554,0.0,cuda:0,,
DS-B,PLS,5,UnaryMLP,5,0.35744419222246093,0.2737548879206382,0.4470198675496689,0.2984409799554566,0.28807947019867547,0.26169265033407574,302,898,0.4675000011920929,0.9636794924736023,0.98970627784729,0.25254358363612556,0.2890054702423014,0.002874355996027589,0.0,cuda:0,,
