{
  "fold": 2,
  "model_name": "SVM",
  "train_indices": [
    0,
    1,
    2,
    3,
    4,
    5,
    6,
    7,
    9,
    10,
    11,
    12,
    13,
    14,
    16,
    17,
    19,
    20,
    21,
    22,
    23,
    24,
    25,
    26,
    27,
    28,
    29,
    30,
    31,
    33,
    34,
    35,
    36,
    37,
    38,
    39,
    40,
    41,
    43,
    44,
    45,
    46,
    47,
    48,
    49,
    50,
    51,
    52,
    54,
    55,
    57,
    58,
    59,
    60,
    61
  ],
  "test_indices": [
    8,
    15,
    18,
    32,
    42,
    53,
    56
  ],
  "selected_indices": [
    46,
    266,
    439,
    738,
    779,
    991,
    1041,
    1066,
    1422,
    1581,
    1634,
    1678,
    1771,
    1893
  ],
  "train_size": 55,
  "test_size": 7,
  "n_selected": 14,
  "accuracy": 0.7142857142857143,
  "classification_error": 0.2857142857142857,
  "f1_score": 0.6666666666666666
}