{
  "fold": 2,
  "test_indices": [
    8,
    15,
    18,
    32,
    42,
    53,
    56
  ],
  "selected_indices": [
    46,
    248,
    492,
    512,
    738,
    805,
    896,
    1066,
    1230,
    1422,
    1581,
    1678,
    1771,
    1896
  ],
  "accuracy": 0.8571428571428571,
  "classification_error": 0.1428571428571429,
  "f1_score": 0.8
}