{
  "fold": 4,
  "test_indices": [
    4,
    10,
    24,
    47,
    57,
    61
  ],
  "selected_indices": [
    13,
    46,
    410,
    512,
    575,
    963,
    1001,
    1209,
    1405,
    1465,
    1596,
    1771,
    1835,
    1959
  ],
  "accuracy": 0.6666666666666666,
  "classification_error": 0.33333333333333337,
  "f1_score": 0.5
}