{
  "fold": 7,
  "test_indices": [
    5,
    6,
    7,
    14,
    20,
    29
  ],
  "selected_indices": [
    285,
    364,
    418,
    512,
    563,
    626,
    779,
    1059,
    1226,
    1259,
    1667,
    1770,
    1771,
    1883
  ],
  "accuracy": 0.8333333333333334,
  "classification_error": 0.16666666666666663,
  "f1_score": 0.8
}