{
  "dataset": "DS-B",
  "method": "Ensembleunar",
  "q": 15,
  "model": "UnaryMLP",
  "fold": 2,
  "F12": 0.322785254824202,
  "G12": 0.2124385863975791,
  "a1": 0.292358803986711,
  "a2": 0.3615127919911012,
  "b1": 0.37209302325581395,
  "b2": 0.14905450500556172,
  "n1": 301,
  "n2": 899,
  "coverage": 0.44333335757255554,
  "beta_pos": 0.9929680824279785,
  "beta_neg": 1.0009487867355347,
  "S_val": 0.3023634302725634,
  "S_test": 0.26967560822480724,
  "t_reducer": 2670.0751661080867,
  "t_model": 0.0,
  "unary_device": "cuda:0",
  "n_selected": 15,
  "selected_indices": "2,5,6,9,11,13,14,15,18,22,24,25,26,27,29"
}