{
  "fold": 4,
  "train_indices": [
    0,
    1,
    2,
    3,
    5,
    6,
    7,
    8,
    9,
    11,
    12,
    13,
    14,
    15,
    16,
    17,
    18,
    19,
    20,
    21,
    22,
    23,
    25,
    26,
    27,
    28,
    29,
    30,
    31,
    32,
    33,
    34,
    35,
    36,
    37,
    38,
    39,
    40,
    41,
    42,
    43,
    44,
    45,
    46,
    48,
    49,
    50,
    51,
    52,
    53,
    54,
    55,
    56,
    58,
    59,
    60
  ],
  "test_indices": [
    4,
    10,
    24,
    47,
    57,
    61
  ],
  "selected_indices": [
    13,
    46,
    410,
    512,
    575,
    963,
    1001,
    1209,
    1405,
    1465,
    1596,
    1771,
    1835,
    1959
  ],
  "fit_size_inner": 33,
  "par_size_inner": 11,
  "ckpt_size_inner": 12,
  "best_epoch": 205,
  "beta_pos": 0.056529805064201355,
  "beta_neg": 0.2169550061225891,
  "cG": 1.0,
  "S_par": 0.5328360197149328,
  "F12_par": 0.5328360197149328,
  "G12_par": 0.0,
  "S_ckpt": 0.7687576875768758,
  "F12_ckpt": 0.7687576875768758,
  "G12_ckpt": 0.0,
  "S_test": 0.4995004995004996,
  "F12_test": 0.4995004995004996,
  "G12_test": 0.0,
  "a1_test": 0.5,
  "a2_test": 0.5,
  "b1_test": 0.5,
  "b2_test": 0.0,
  "decided_count": 5,
  "conflict_count": 1,
  "reject_count": 0,
  "wrong_exclusive_count": 2,
  "correct_exclusive_count": 3,
  "coverage": 0.8333333333333334,
  "conflict_rate": 0.16666666666666666,
  "reject_rate": 0.0,
  "wrong_exclusive_rate": 0.3333333333333333,
  "correct_exclusive_rate": 0.5,
  "selective_accuracy": 0.6,
  "selective_error": 0.4,
  "selective_f1": 0.5,
  "conservative_accuracy": 0.5,
  "conservative_error": 0.5,
  "checkpoint_history_file": "results_colon_cv_seed42_4_400_2_96_7500_1/unary_strict_details/fold_04_checkpoint_history.csv"
}