{
  "fold": 1,
  "train_indices": [
    0,
    1,
    2,
    3,
    4,
    5,
    6,
    7,
    8,
    9,
    10,
    11,
    12,
    14,
    15,
    16,
    18,
    19,
    20,
    21,
    22,
    23,
    24,
    25,
    26,
    27,
    28,
    29,
    31,
    32,
    33,
    35,
    36,
    38,
    39,
    40,
    42,
    44,
    45,
    46,
    47,
    48,
    49,
    50,
    51,
    52,
    53,
    54,
    55,
    56,
    57,
    58,
    59,
    60,
    61
  ],
  "test_indices": [
    13,
    17,
    30,
    34,
    37,
    41,
    43
  ],
  "selected_indices": [
    13,
    244,
    266,
    376,
    492,
    512,
    779,
    896,
    1003,
    1041,
    1581,
    1634,
    1771,
    1807
  ],
  "fit_size_inner": 33,
  "par_size_inner": 11,
  "ckpt_size_inner": 11,
  "best_epoch": 170,
  "beta_pos": 0.3114010691642761,
  "beta_neg": 0.0689535066485405,
  "cG": 1.0,
  "S_par": 0.6481581505887437,
  "F12_par": 0.6481581505887437,
  "G12_par": 0.0,
  "S_ckpt": 0.9225801491504574,
  "F12_ckpt": 0.9225801491504574,
  "G12_ckpt": 0.0,
  "S_test": 0.7995202878273037,
  "F12_test": 0.7995202878273037,
  "G12_test": 0.0,
  "a1_test": 0.6666666666666666,
  "a2_test": 1.0,
  "b1_test": 0.0,
  "b2_test": 0.0,
  "decided_count": 6,
  "conflict_count": 0,
  "reject_count": 1,
  "wrong_exclusive_count": 0,
  "correct_exclusive_count": 6,
  "coverage": 0.8571428571428571,
  "conflict_rate": 0.0,
  "reject_rate": 0.14285714285714285,
  "wrong_exclusive_rate": 0.0,
  "correct_exclusive_rate": 0.8571428571428571,
  "selective_accuracy": 1.0,
  "selective_error": 0.0,
  "selective_f1": 1.0,
  "conservative_accuracy": 0.8571428571428571,
  "conservative_error": 0.1428571428571429,
  "checkpoint_history_file": "results_colon_cv_seed42_4_400_2_96_7500_1/unary_strict_details/fold_01_checkpoint_history.csv"
}