{
  "dataset": "DS-B",
  "method": "Ensembleunar",
  "q": 5,
  "model": "UnaryMLP",
  "fold": 1,
  "F12": 0.3936303141182363,
  "G12": 0.0795465494908714,
  "a1": 0.4485049833887043,
  "a2": 0.3515016685205784,
  "b1": 0.16943521594684385,
  "b2": 0.05228031145717464,
  "n1": 301,
  "n2": 899,
  "coverage": 0.51583331823349,
  "beta_pos": 0.9948698282241821,
  "beta_neg": 1.0040887594223022,
  "S_val": 0.39231397193211426,
  "S_test": 0.37374367674551845,
  "t_reducer": 2662.538656454999,
  "t_model": 0.0,
  "unary_device": "cuda:0",
  "n_selected": 5,
  "selected_indices": "5,6,9,18,25"
}