{
  "fold": 2,
  "train_indices": [
    0,
    1,
    2,
    3,
    4,
    5,
    6,
    7,
    9,
    10,
    11,
    12,
    13,
    14,
    16,
    17,
    19,
    20,
    21,
    22,
    23,
    24,
    25,
    26,
    27,
    28,
    29,
    30,
    31,
    33,
    34,
    35,
    36,
    37,
    38,
    39,
    40,
    41,
    43,
    44,
    45,
    46,
    47,
    48,
    49,
    50,
    51,
    52,
    54,
    55,
    57,
    58,
    59,
    60,
    61
  ],
  "test_indices": [
    8,
    15,
    18,
    32,
    42,
    53,
    56
  ],
  "selected_indices": [
    30,
    46,
    142,
    558,
    608,
    733,
    738,
    805,
    1001,
    1041,
    1324,
    1581,
    1633,
    1771
  ],
  "fit_size_inner": 33,
  "par_size_inner": 11,
  "ckpt_size_inner": 11,
  "best_epoch": 210,
  "beta_pos": 0.19691476225852966,
  "beta_neg": 0.33420073986053467,
  "cG": 0.5,
  "S_par": 0.39968025579536376,
  "F12_par": 0.39968025579536376,
  "G12_par": 0.0,
  "S_ckpt": 0.5574798771030709,
  "F12_ckpt": 0.6481581505887437,
  "G12_ckpt": 0.18135654697134565,
  "S_test": 0.5709391949757352,
  "F12_test": 0.5709391949757352,
  "G12_test": 0.0,
  "a1_test": 0.6666666666666666,
  "a2_test": 0.5,
  "b1_test": 0.0,
  "b2_test": 0.0,
  "decided_count": 4,
  "conflict_count": 0,
  "reject_count": 3,
  "wrong_exclusive_count": 0,
  "correct_exclusive_count": 4,
  "coverage": 0.5714285714285714,
  "conflict_rate": 0.0,
  "reject_rate": 0.42857142857142855,
  "wrong_exclusive_rate": 0.0,
  "correct_exclusive_rate": 0.5714285714285714,
  "selective_accuracy": 1.0,
  "selective_error": 0.0,
  "selective_f1": 1.0,
  "conservative_accuracy": 0.5714285714285714,
  "conservative_error": 0.4285714285714286,
  "checkpoint_history_file": "results_colon_cv_seed42_4_100_2_64_10000_0.5/unary_strict_details/fold_02_checkpoint_history.csv"
}