{
  "dataset": "DS-B",
  "method": "PLS",
  "q": 5,
  "model": "UnaryMLP",
  "fold": 2,
  "F12": 0.36239289308490963,
  "G12": 0.3526594574857641,
  "a1": 0.3588039867109635,
  "a2": 0.3670745272525028,
  "b1": 0.34219269102990035,
  "b2": 0.36484983314794217,
  "n1": 301,
  "n2": 899,
  "coverage": 0.40416666865348816,
  "beta_pos": 0.9514142274856567,
  "beta_neg": 1.0098837614059448,
  "S_val": 0.2765072164901443,
  "S_test": 0.27422802871346863,
  "t_reducer": 0.002858766005374491,
  "t_model": 0.0,
  "unary_device": "cuda:0",
  "n_selected": null,
  "selected_indices": null
}