{
  "dataset": "DS-B",
  "method": "Ensembleunar",
  "q": 10,
  "model": "UnaryMLP",
  "fold": 4,
  "F12": 0.4617643679785739,
  "G12": 0.25108320224627523,
  "a1": 0.5116279069767442,
  "a2": 0.42157953281423804,
  "b1": 0.31561461794019935,
  "b2": 0.20912124582869857,
  "n1": 301,
  "n2": 899,
  "coverage": 0.51583331823349,
  "beta_pos": 0.9865428805351257,
  "beta_neg": 0.9974910616874695,
  "S_val": 0.43132301528177835,
  "S_test": 0.3989935674170051,
  "t_reducer": 2669.5260122710606,
  "t_model": 0.0,
  "unary_device": "cuda:0",
  "n_selected": 10,
  "selected_indices": "2,5,6,9,18,22,25,26,27,29"
}