{
  "dataset": "DS-B",
  "method": "Ensembleunar",
  "q": 5,
  "model": "UnaryMLP",
  "fold": 5,
  "F12": 0.4228576273157608,
  "G12": 0.29519538156174163,
  "a1": 0.4304635761589404,
  "a2": 0.41648106904231624,
  "b1": 0.3211920529801324,
  "b2": 0.2739420935412027,
  "n1": 302,
  "n2": 898,
  "coverage": 0.46416667103767395,
  "beta_pos": 0.9766527414321899,
  "beta_neg": 0.9922716021537781,
  "S_val": 0.333839111895169,
  "S_test": 0.3490587819253254,
  "t_reducer": 2667.5894424509024,
  "t_model": 0.0,
  "unary_device": "cuda:0",
  "n_selected": 5,
  "selected_indices": "5,6,9,18,25"
}