{
  "dataset": "DS-B",
  "method": "PCA",
  "q": 15,
  "model": "UnaryMLP",
  "fold": 4,
  "F12": 0.15426525234406016,
  "G12": 0.14001248801681832,
  "a1": 0.17275747508305647,
  "a2": 0.14015572858731926,
  "b1": 0.132890365448505,
  "b2": 0.14905450500556172,
  "n1": 301,
  "n2": 899,
  "coverage": 0.20250000059604645,
  "beta_pos": 1.016971468925476,
  "beta_neg": 0.9746952056884766,
  "S_val": 0.1077025604902404,
  "S_test": 0.11926213033985558,
  "t_reducer": 0.0010875799925997853,
  "t_model": 0.0,
  "unary_device": "cuda:0",
  "n_selected": null,
  "selected_indices": null
}