{
  "dataset": "DS-B",
  "method": "PLS",
  "q": 10,
  "model": "UnaryMLP",
  "fold": 4,
  "F12": 0.3371225065064355,
  "G12": 0.28430922197092445,
  "a1": 0.3554817275747508,
  "a2": 0.32146829810901,
  "b1": 0.38870431893687707,
  "b2": 0.22469410456062291,
  "n1": 301,
  "n2": 899,
  "coverage": 0.4766666889190674,
  "beta_pos": 0.9647945165634155,
  "beta_neg": 1.004318356513977,
  "S_val": 0.28671679838044434,
  "S_test": 0.2660452010137044,
  "t_reducer": 0.004351618932560086,
  "t_model": 0.0,
  "unary_device": "cuda:0",
  "n_selected": null,
  "selected_indices": null
}