{
  "fold": 5,
  "test_indices": [
    0,
    1,
    2,
    23,
    28,
    52
  ],
  "selected_indices": [
    46,
    248,
    266,
    364,
    376,
    492,
    512,
    738,
    811,
    1207,
    1324,
    1422,
    1634,
    1770
  ],
  "accuracy": 0.6666666666666666,
  "classification_error": 0.33333333333333337,
  "f1_score": 0.6666666666666666
}