{
  "fold": 9,
  "test_indices": [
    9,
    26,
    31,
    38,
    44,
    46
  ],
  "selected_indices": [
    65,
    136,
    248,
    266,
    364,
    492,
    512,
    1041,
    1545,
    1581,
    1634,
    1647,
    1771,
    1842
  ],
  "accuracy": 0.8333333333333334,
  "classification_error": 0.16666666666666663,
  "f1_score": 0.8
}