{
  "fold": 7,
  "test_indices": [
    5,
    6,
    7,
    14,
    20,
    29
  ],
  "selected_indices": [
    248,
    266,
    364,
    376,
    410,
    492,
    512,
    697,
    896,
    1581,
    1634,
    1770,
    1771,
    1883
  ],
  "accuracy": 0.8333333333333334,
  "classification_error": 0.16666666666666663,
  "f1_score": 0.6666666666666666
}