{
  "fold": 2,
  "test_indices": [
    8,
    15,
    18,
    32,
    42,
    53,
    56
  ],
  "selected_indices": [
    46,
    244,
    248,
    266,
    376,
    492,
    512,
    738,
    896,
    963,
    1041,
    1581,
    1634,
    1667
  ],
  "accuracy": 0.7142857142857143,
  "classification_error": 0.2857142857142857,
  "f1_score": 0.6666666666666666
}