{
  "fold": 3,
  "test_indices": [
    19,
    22,
    27,
    33,
    48,
    59
  ],
  "selected_indices": [
    244,
    248,
    266,
    364,
    376,
    410,
    492,
    512,
    1041,
    1422,
    1581,
    1634,
    1771,
    1883
  ],
  "accuracy": 0.8333333333333334,
  "classification_error": 0.16666666666666663,
  "f1_score": 0.8
}