{
  "dataset": "DS-B",
  "method": "HSIC_Lasso",
  "q": 15,
  "model": "UnaryMLP",
  "fold": 2,
  "F12": 0.32917790089787746,
  "G12": 0.26725476674526477,
  "a1": 0.36212624584717606,
  "a2": 0.3025583982202447,
  "b1": 0.3023255813953488,
  "b2": 0.24026696329254726,
  "n1": 301,
  "n2": 899,
  "coverage": 0.42750000953674316,
  "beta_pos": 0.9814620018005371,
  "beta_neg": 0.9943656325340271,
  "S_val": 0.2737450258128279,
  "S_test": 0.2623642092115613,
  "t_reducer": 0.24535758199635893,
  "t_model": 0.0,
  "unary_device": "cuda:0",
  "n_selected": null,
  "selected_indices": null
}