{
  "fold": 8,
  "train_indices": [
    0,
    1,
    2,
    4,
    5,
    6,
    7,
    8,
    9,
    10,
    11,
    12,
    13,
    14,
    15,
    16,
    17,
    18,
    19,
    20,
    21,
    22,
    23,
    24,
    26,
    27,
    28,
    29,
    30,
    31,
    32,
    33,
    34,
    36,
    37,
    38,
    40,
    41,
    42,
    43,
    44,
    45,
    46,
    47,
    48,
    49,
    50,
    51,
    52,
    53,
    55,
    56,
    57,
    59,
    60,
    61
  ],
  "test_indices": [
    3,
    25,
    35,
    39,
    54,
    58
  ],
  "selected_indices": [
    244,
    248,
    364,
    376,
    404,
    447,
    492,
    558,
    764,
    779,
    1472,
    1667,
    1883,
    1896
  ],
  "fit_size_inner": 33,
  "par_size_inner": 11,
  "ckpt_size_inner": 12,
  "best_epoch": 40,
  "beta_pos": 0.16274884343147278,
  "beta_neg": 0.13561005890369415,
  "cG": 0.25,
  "S_par": 0.9225801491504574,
  "F12_par": 0.9225801491504574,
  "G12_par": 0.0,
  "S_ckpt": 0.7495003331112592,
  "F12_ckpt": 0.7495003331112592,
  "G12_ckpt": 0.0,
  "S_test": 0.3746253746253747,
  "F12_test": 0.4995004995004996,
  "G12_test": 0.4995004995004996,
  "a1_test": 0.5,
  "a2_test": 0.5,
  "b1_test": 0.5,
  "b2_test": 0.5,
  "decided_count": 3,
  "conflict_count": 3,
  "reject_count": 0,
  "wrong_exclusive_count": 0,
  "correct_exclusive_count": 3,
  "coverage": 0.5,
  "conflict_rate": 0.5,
  "reject_rate": 0.0,
  "wrong_exclusive_rate": 0.0,
  "correct_exclusive_rate": 0.5,
  "selective_accuracy": 1.0,
  "selective_error": 0.0,
  "selective_f1": 1.0,
  "conservative_accuracy": 0.5,
  "conservative_error": 0.5,
  "checkpoint_history_file": "results_colon_cv_seed42_4_100_2_64_5000_0.25_not_independent_splits/unary_strict_details/fold_08_checkpoint_history.csv"
}