{
  "fold": 1,
  "train_indices": [
    0,
    1,
    2,
    3,
    4,
    5,
    6,
    7,
    8,
    9,
    10,
    11,
    12,
    14,
    15,
    16,
    18,
    19,
    20,
    21,
    22,
    23,
    24,
    25,
    26,
    27,
    28,
    29,
    31,
    32,
    33,
    35,
    36,
    38,
    39,
    40,
    42,
    44,
    45,
    46,
    47,
    48,
    49,
    50,
    51,
    52,
    53,
    54,
    55,
    56,
    57,
    58,
    59,
    60,
    61
  ],
  "test_indices": [
    13,
    17,
    30,
    34,
    37,
    41,
    43
  ],
  "selected_indices": [
    244,
    248,
    266,
    364,
    492,
    736,
    764,
    1057,
    1301,
    1324,
    1345,
    1422,
    1569,
    1771
  ],
  "fit_size_inner": 33,
  "par_size_inner": 11,
  "ckpt_size_inner": 11,
  "best_epoch": 140,
  "beta_pos": 0.3405410945415497,
  "beta_neg": 0.09758003801107407,
  "cG": 0.25,
  "S_par": 0.6858688187997198,
  "F12_par": 0.7312079555425562,
  "G12_par": 0.18135654697134565,
  "S_ckpt": 0.9225801491504574,
  "F12_ckpt": 0.9225801491504574,
  "G12_ckpt": 0.0,
  "S_test": 0.0,
  "F12_test": 0.0,
  "G12_test": 0.0,
  "a1_test": 0.0,
  "a2_test": 0.75,
  "b1_test": 0.3333333333333333,
  "b2_test": 0.0,
  "decided_count": 4,
  "conflict_count": 1,
  "reject_count": 2,
  "wrong_exclusive_count": 1,
  "correct_exclusive_count": 3,
  "coverage": 0.5714285714285714,
  "conflict_rate": 0.14285714285714285,
  "reject_rate": 0.2857142857142857,
  "wrong_exclusive_rate": 0.14285714285714285,
  "correct_exclusive_rate": 0.42857142857142855,
  "selective_accuracy": 0.75,
  "selective_error": 0.25,
  "selective_f1": 0.0,
  "conservative_accuracy": 0.42857142857142855,
  "conservative_error": 0.5714285714285714,
  "checkpoint_history_file": "results_colon_cv_seed42_4_100_2_64_5000_0.25_not_independent_splits/unary_strict_details/fold_01_checkpoint_history.csv"
}