{
  "fold": 6,
  "train_indices": [
    0,
    1,
    2,
    3,
    4,
    5,
    6,
    7,
    8,
    9,
    10,
    12,
    13,
    14,
    15,
    16,
    17,
    18,
    19,
    20,
    21,
    22,
    23,
    24,
    25,
    26,
    27,
    28,
    29,
    30,
    31,
    32,
    33,
    34,
    35,
    37,
    38,
    39,
    40,
    41,
    42,
    43,
    44,
    46,
    47,
    48,
    49,
    52,
    53,
    54,
    56,
    57,
    58,
    59,
    60,
    61
  ],
  "test_indices": [
    11,
    36,
    45,
    50,
    51,
    55
  ],
  "selected_indices": [
    13,
    244,
    248,
    266,
    285,
    364,
    376,
    492,
    764,
    791,
    896,
    1230,
    1324,
    1771
  ],
  "fit_size_inner": 33,
  "par_size_inner": 11,
  "ckpt_size_inner": 12,
  "best_epoch": 160,
  "beta_pos": 0.10221854597330093,
  "beta_neg": 0.33358854055404663,
  "cG": 0.25,
  "S_par": 0.7995025317580172,
  "F12_par": 0.7995025317580172,
  "G12_par": 0.0,
  "S_ckpt": 0.9328358208955224,
  "F12_ckpt": 0.9328358208955224,
  "G12_ckpt": 0.0,
  "S_test": 0.0,
  "F12_test": 0.0,
  "G12_test": 0.0,
  "a1_test": 0.0,
  "a2_test": 0.75,
  "b1_test": 0.5,
  "b2_test": 0.0,
  "decided_count": 5,
  "conflict_count": 1,
  "reject_count": 0,
  "wrong_exclusive_count": 2,
  "correct_exclusive_count": 3,
  "coverage": 0.8333333333333334,
  "conflict_rate": 0.16666666666666666,
  "reject_rate": 0.0,
  "wrong_exclusive_rate": 0.3333333333333333,
  "correct_exclusive_rate": 0.5,
  "selective_accuracy": 0.6,
  "selective_error": 0.4,
  "selective_f1": 0.0,
  "conservative_accuracy": 0.5,
  "conservative_error": 0.5,
  "checkpoint_history_file": "results_colon_cv_seed42_4_100_2_64_5000_0.25_not_independent_splits/unary_strict_details/fold_06_checkpoint_history.csv"
}