{
  "dataset": "DS-B",
  "method": "PLS",
  "q": 5,
  "model": "UnaryMLP",
  "fold": 4,
  "F12": 0.42051652526410016,
  "G12": 0.2630312275282454,
  "a1": 0.4119601328903654,
  "a2": 0.43047830923248054,
  "b1": 0.2591362126245847,
  "b2": 0.26807563959955505,
  "n1": 301,
  "n2": 899,
  "coverage": 0.503333330154419,
  "beta_pos": 0.9815621972084045,
  "beta_neg": 1.004567265510559,
  "S_val": 0.3792959299347056,
  "S_test": 0.3547587183820388,
  "t_reducer": 0.002809135941788554,
  "t_model": 0.0,
  "unary_device": "cuda:0",
  "n_selected": null,
  "selected_indices": null
}