dataset,method,q,model,fold,F12,G12,a1,a2,b1,b2,n1,n2,coverage,beta_pos,beta_neg,S_val,S_test,t_reducer,t_model,unary_device,n_selected,selected_indices
DS-B,HSIC_Lasso,15,UnaryMLP,1,0.23499339399435498,0.15554325364040714,0.2591362126245847,0.21579532814238042,0.16943521594684385,0.1446051167964405,301,899,0.4033333361148834,0.9800717830657959,1.0051811933517456,0.2124040905231244,0.1961075805842532,0.23486801492981613,0.0,cuda:0,,
DS-B,HSIC_Lasso,15,UnaryMLP,2,0.32917790089787746,0.26725476674526477,0.36212624584717606,0.3025583982202447,0.3023255813953488,0.24026696329254726,301,899,0.42750000953674316,0.9814620018005371,0.9943656325340271,0.2737450258128279,0.2623642092115613,0.24535758199635893,0.0,cuda:0,,
DS-B,HSIC_Lasso,15,UnaryMLP,3,0.27502223612677174,0.18481954677773285,0.3588039867109635,0.2235817575083426,0.18272425249169436,0.18798665183537264,301,899,0.4558333456516266,0.9950934052467346,1.0010530948638916,0.25299717766590646,0.22881734943233853,0.20997061405796558,0.0,cuda:0,,
DS-B,HSIC_Lasso,15,UnaryMLP,4,0.2883731479865883,0.10536252386555736,0.2425249169435216,0.35706340378198,0.10963455149501661,0.10233592880978866,301,899,0.4416666626930237,1.0216796398162842,0.9973928928375244,0.27545039061614407,0.262032517020199,0.24539395596366376,0.0,cuda:0,,
DS-B,HSIC_Lasso,15,UnaryMLP,5,0.23546581267617023,0.19763270169335528,0.2119205298013245,0.2661469933184855,0.18543046357615894,0.21269487750556793,302,898,0.34416666626930237,0.9634629487991333,0.9958744049072266,0.21800953396741812,0.18605763725283142,0.25398575502913445,0.0,cuda:0,,
