{
  "dataset": "DS-B",
  "method": "Ensembleunar",
  "q": 10,
  "model": "UnaryMLP",
  "fold": 3,
  "F12": 0.5098844897841991,
  "G12": 0.23146976584555332,
  "a1": 0.5514950166112956,
  "a2": 0.474972191323693,
  "b1": 0.30564784053156147,
  "b2": 0.18687430478309233,
  "n1": 301,
  "n2": 899,
  "coverage": 0.5983333587646484,
  "beta_pos": 0.9720836877822876,
  "beta_neg": 0.9967783093452454,
  "S_val": 0.4661912969614831,
  "S_test": 0.45201704832281075,
  "t_reducer": 2668.8616971310694,
  "t_model": 0.0,
  "unary_device": "cuda:0",
  "n_selected": 10,
  "selected_indices": "2,5,6,9,11,18,22,25,26,27"
}