{
  "dataset": "DS-B",
  "method": "PLS",
  "q": 5,
  "model": "UnaryMLP",
  "fold": 3,
  "F12": 0.38664213366913,
  "G12": 0.30133784425919596,
  "a1": 0.3654485049833887,
  "a2": 0.41156840934371525,
  "b1": 0.31561461794019935,
  "b2": 0.289210233592881,
  "n1": 301,
  "n2": 899,
  "coverage": 0.4766666889190674,
  "beta_pos": 0.9619988203048706,
  "beta_neg": 1.0009337663650513,
  "S_val": 0.3316604134255054,
  "S_test": 0.311307672604331,
  "t_reducer": 0.002826207084581256,
  "t_model": 0.0,
  "unary_device": "cuda:0",
  "n_selected": null,
  "selected_indices": null
}