{
  "dataset": "DS-B",
  "method": "PLS",
  "q": 15,
  "model": "UnaryMLP",
  "fold": 3,
  "F12": 0.2595029871486776,
  "G12": 0.18148945443316386,
  "a1": 0.23255813953488372,
  "a2": 0.29477196885428253,
  "b1": 0.17940199335548174,
  "b2": 0.1846496106785317,
  "n1": 301,
  "n2": 899,
  "coverage": 0.34333333373069763,
  "beta_pos": 1.0025337934494019,
  "beta_neg": 0.9937616586685181,
  "S_val": 0.24229751154116916,
  "S_test": 0.21413062354038662,
  "t_reducer": 0.006010266952216625,
  "t_model": 0.0,
  "unary_device": "cuda:0",
  "n_selected": null,
  "selected_indices": null
}