dataset,method,q,model,fold,F12,G12,a1,a2,b1,b2,n1,n2,coverage,beta_pos,beta_neg,S_val,S_test,t_reducer,t_model,unary_device,n_selected,selected_indices
DS-B,PLS,10,UnaryMLP,1,0.2566301137815653,0.19561782155578664,0.3488372093023256,0.203559510567297,0.2823920265780731,0.15016685205784205,301,899,0.460833340883255,0.9746997356414795,1.0059071779251099,0.25323476649935156,0.20772565839261864,0.004456424969248474,0.0,cuda:0,,
DS-B,PLS,10,UnaryMLP,2,0.2246707429459281,0.2645574566664497,0.2691029900332226,0.1935483870967742,0.3521594684385382,0.21245828698553948,301,899,0.36916667222976685,0.9826104044914246,1.008483648300171,0.16394945566282337,0.15853137877931567,0.004019048064947128,0.0,cuda:0,,
DS-B,PLS,10,UnaryMLP,3,0.22574683339735177,0.21636732203221862,0.27906976744186046,0.19021134593993325,0.34551495016611294,0.15795328142380421,301,899,0.41833335161209106,0.9681479930877686,1.0050698518753052,0.18014657937651352,0.1716550028892971,0.004368960973806679,0.0,cuda:0,,
DS-B,PLS,10,UnaryMLP,4,0.3371225065064355,0.28430922197092445,0.3554817275747508,0.32146829810901,0.38870431893687707,0.22469410456062291,301,899,0.4766666889190674,0.9647945165634155,1.004318356513977,0.28671679838044434,0.2660452010137044,0.004351618932560086,0.0,cuda:0,,
DS-B,PLS,10,UnaryMLP,5,0.33800018657643693,0.12085526404196135,0.423841059602649,0.2817371937639198,0.16225165562913907,0.09688195991091314,302,898,0.5491666793823242,0.9728407263755798,1.0028241872787476,0.30422550128675097,0.3077863705659466,0.004037309088744223,0.0,cuda:0,,
