{
  "fold": 6,
  "train_indices": [
    0,
    1,
    2,
    3,
    4,
    5,
    6,
    7,
    8,
    9,
    10,
    12,
    13,
    14,
    15,
    16,
    17,
    18,
    19,
    20,
    21,
    22,
    23,
    24,
    25,
    26,
    27,
    28,
    29,
    30,
    31,
    32,
    33,
    34,
    35,
    37,
    38,
    39,
    40,
    41,
    42,
    43,
    44,
    46,
    47,
    48,
    49,
    52,
    53,
    54,
    56,
    57,
    58,
    59,
    60,
    61
  ],
  "test_indices": [
    11,
    36,
    45,
    50,
    51,
    55
  ],
  "selected_indices": [
    66,
    248,
    266,
    285,
    376,
    492,
    512,
    738,
    805,
    1284,
    1324,
    1422,
    1770,
    1883
  ],
  "fit_size_inner": 33,
  "par_size_inner": 11,
  "ckpt_size_inner": 12,
  "best_epoch": 45,
  "beta_pos": 0.2991965711116791,
  "beta_neg": 0.46303531527519226,
  "cG": 0.25,
  "S_par": 0.8566533409480298,
  "F12_par": 0.8566533409480298,
  "G12_par": 0.0,
  "S_ckpt": 0.8071955719557196,
  "F12_ckpt": 0.8071955719557196,
  "G12_ckpt": 0.0,
  "S_test": 0.5995203836930456,
  "F12_test": 0.5995203836930456,
  "G12_test": 0.0,
  "a1_test": 0.5,
  "a2_test": 0.75,
  "b1_test": 0.0,
  "b2_test": 0.0,
  "decided_count": 5,
  "conflict_count": 0,
  "reject_count": 1,
  "wrong_exclusive_count": 1,
  "correct_exclusive_count": 4,
  "coverage": 0.8333333333333334,
  "conflict_rate": 0.0,
  "reject_rate": 0.16666666666666666,
  "wrong_exclusive_rate": 0.16666666666666666,
  "correct_exclusive_rate": 0.6666666666666666,
  "selective_accuracy": 0.8,
  "selective_error": 0.19999999999999996,
  "selective_f1": 0.6666666666666666,
  "conservative_accuracy": 0.6666666666666666,
  "conservative_error": 0.33333333333333337,
  "checkpoint_history_file": "results_colon_cv_seed42_2_400_2_64_5000_0.25/unary_strict_details/fold_06_checkpoint_history.csv"
}