{
  "fold": 8,
  "model_name": "MLP",
  "train_indices": [
    0,
    1,
    2,
    4,
    5,
    6,
    7,
    8,
    9,
    10,
    11,
    12,
    13,
    14,
    15,
    16,
    17,
    18,
    19,
    20,
    21,
    22,
    23,
    24,
    26,
    27,
    28,
    29,
    30,
    31,
    32,
    33,
    34,
    36,
    37,
    38,
    40,
    41,
    42,
    43,
    44,
    45,
    46,
    47,
    48,
    49,
    50,
    51,
    52,
    53,
    55,
    56,
    57,
    59,
    60,
    61
  ],
  "test_indices": [
    3,
    25,
    35,
    39,
    54,
    58
  ],
  "selected_indices": [
    244,
    248,
    364,
    376,
    404,
    447,
    492,
    558,
    764,
    779,
    1472,
    1667,
    1883,
    1896
  ],
  "train_size": 56,
  "test_size": 6,
  "n_selected": 14,
  "accuracy": 0.8333333333333334,
  "classification_error": 0.16666666666666663,
  "f1_score": 0.6666666666666666
}