{
  "dataset": "DS-B",
  "method": "PCA",
  "q": 5,
  "model": "UnaryMLP",
  "fold": 3,
  "F12": 0.13447988151737744,
  "G12": 0.06160932620235583,
  "a1": 0.14285714285714285,
  "a2": 0.12791991101223582,
  "b1": 0.05647840531561462,
  "b2": 0.06896551724137931,
  "n1": 301,
  "n2": 899,
  "coverage": 0.2475000023841858,
  "beta_pos": 1.0733888149261475,
  "beta_neg": 1.0068318843841553,
  "S_val": 0.11816063803119374,
  "S_test": 0.11907754996678849,
  "t_reducer": 0.0009921940509229898,
  "t_model": 0.0,
  "unary_device": "cuda:0",
  "n_selected": null,
  "selected_indices": null
}