{
  "dataset": "DS-B",
  "method": "HSIC_Lasso",
  "q": 15,
  "model": "UnaryMLP",
  "fold": 5,
  "F12": 0.23546581267617023,
  "G12": 0.19763270169335528,
  "a1": 0.2119205298013245,
  "a2": 0.2661469933184855,
  "b1": 0.18543046357615894,
  "b2": 0.21269487750556793,
  "n1": 302,
  "n2": 898,
  "coverage": 0.34416666626930237,
  "beta_pos": 0.9634629487991333,
  "beta_neg": 0.9958744049072266,
  "S_val": 0.21800953396741812,
  "S_test": 0.18605763725283142,
  "t_reducer": 0.25398575502913445,
  "t_model": 0.0,
  "unary_device": "cuda:0",
  "n_selected": null,
  "selected_indices": null
}