dataset,method,q,model,fold,AUC,PR_AUC,ΔAUC,ΔPR_AUC,AUC_base,PR_AUC_base,t_reducer,t_model,t_model_base,n_selected,selected_indices
DS-B,PLS,15,MLP,1,0.9513930206689603,0.8953801663217419,0.013924663431867712,0.02658294685539553,0.9374683572370925,0.8687972194663464,0.005914360983297229,5.784333241987042,3.931873715016991,,
DS-B,PLS,15,HGBT,1,0.9599000735405526,0.9103014060595184,-0.002095351424062919,-0.0013897597363833336,0.9619954249646155,0.9116911657959017,0.005914360983297229,0.362669346970506,0.2871899150777608,,
DS-B,PLS,15,SVM_linear,1,0.8472832493837745,0.7468956784513933,0.001622326763957127,6.760371519265451e-05,0.8456609226198174,0.7468280747362006,0.005914360983297229,1.1732215899974108,1.7304765901062638,,
DS-B,PLS,15,SVM_rbf,1,0.9332480903477102,0.880908517867076,0.018237317950177356,0.017016683500690744,0.9150107723975328,0.8638918343663853,0.005914360983297229,0.6437821090221405,0.9492916370509192,,
DS-B,PLS,15,KNN,1,0.8962948865295142,0.761798194502754,0.07818765036086606,0.17642375288880308,0.8181072361686481,0.5853744416139509,0.005914360983297229,0.0028870960231870413,0.00026643392629921436,,
DS-B,PLS,15,GaussianNB,1,0.8521428386653314,0.725689474568111,0.05151534188965956,0.11389813210721733,0.8006274967756718,0.6117913424608936,0.005914360983297229,0.0008440579986199737,0.001108599011786282,,
DS-B,PLS,15,QDA,1,0.9126456490970032,0.8441589397798467,-0.007819688912376166,-0.0004133703578960146,0.9204653380093794,0.8445723101377427,0.005914360983297229,0.001570363063365221,0.002512267092242837,,
DS-B,PLS,15,ShrinkageLDA,1,0.8520947970982893,0.7213891149061669,-0.0011382155883797873,-0.0013401103272407955,0.8532330126866691,0.7227292252334077,0.005914360983297229,0.003427185001783073,0.005175882950425148,,
DS-B,PLS,15,LogRegL2,1,0.8523793509953843,0.7351048198447342,-0.0005469347632472976,-0.002465719437857339,0.8529262857586316,0.7375705392825915,0.005914360983297229,0.10909799498040229,0.14334481989499182,,
DS-B,PLS,15,KDEBayes,1,0.894877660301775,0.7983340144049577,0.16886610815265402,0.33534882554384193,0.7260115521491209,0.4629851888611157,0.005914360983297229,0.003125578979961574,0.004937385907396674,,
