{
  "dataset": "DS-B",
  "method": "PLS",
  "q": 15,
  "model": "UnaryMLP",
  "fold": 1,
  "F12": 0.34775685157311614,
  "G12": 0.2224029453918783,
  "a1": 0.3388704318936877,
  "a2": 0.3581757508342603,
  "b1": 0.2292358803986711,
  "b2": 0.21690767519466073,
  "n1": 301,
  "n2": 899,
  "coverage": 0.45000001788139343,
  "beta_pos": 0.9921728372573853,
  "beta_neg": 1.0019629001617432,
  "S_val": 0.3008272018833723,
  "S_test": 0.29215611522514656,
  "t_reducer": 0.005914360983297229,
  "t_model": 0.0,
  "unary_device": "cuda:0",
  "n_selected": null,
  "selected_indices": null
}