{
  "dataset": "DS-B",
  "method": "HSIC_Lasso",
  "q": 15,
  "model": "UnaryMLP",
  "fold": 1,
  "F12": 0.23499339399435498,
  "G12": 0.15554325364040714,
  "a1": 0.2591362126245847,
  "a2": 0.21579532814238042,
  "b1": 0.16943521594684385,
  "b2": 0.1446051167964405,
  "n1": 301,
  "n2": 899,
  "coverage": 0.4033333361148834,
  "beta_pos": 0.9800717830657959,
  "beta_neg": 1.0051811933517456,
  "S_val": 0.2124040905231244,
  "S_test": 0.1961075805842532,
  "t_reducer": 0.23486801492981613,
  "t_model": 0.0,
  "unary_device": "cuda:0",
  "n_selected": null,
  "selected_indices": null
}