{
  "dataset": "DS-B",
  "method": "Ensembleunar",
  "q": 5,
  "model": "UnaryMLP",
  "fold": 2,
  "F12": 0.4044646075570322,
  "G12": 0.23748280745914066,
  "a1": 0.4418604651162791,
  "a2": 0.37374860956618466,
  "b1": 0.2558139534883721,
  "b2": 0.22246941045606228,
  "n1": 301,
  "n2": 899,
  "coverage": 0.46833333373069763,
  "beta_pos": 0.985662043094635,
  "beta_neg": 1.0066837072372437,
  "S_val": 0.36639511888875415,
  "S_test": 0.345093905692247,
  "t_reducer": 2668.0903753660386,
  "t_model": 0.0,
  "unary_device": "cuda:0",
  "n_selected": 5,
  "selected_indices": "5,6,9,18,25"
}