{
  "fold": 8,
  "train_indices": [
    0,
    1,
    2,
    4,
    5,
    6,
    7,
    8,
    9,
    10,
    11,
    12,
    13,
    14,
    15,
    16,
    17,
    18,
    19,
    20,
    21,
    22,
    23,
    24,
    26,
    27,
    28,
    29,
    30,
    31,
    32,
    33,
    34,
    36,
    37,
    38,
    40,
    41,
    42,
    43,
    44,
    45,
    46,
    47,
    48,
    49,
    50,
    51,
    52,
    53,
    55,
    56,
    57,
    59,
    60,
    61
  ],
  "test_indices": [
    3,
    25,
    35,
    39,
    54,
    58
  ],
  "selected_indices": [
    13,
    65,
    180,
    285,
    376,
    492,
    560,
    580,
    1285,
    1410,
    1422,
    1634,
    1883,
    1916
  ],
  "fit_size_inner": 33,
  "par_size_inner": 11,
  "ckpt_size_inner": 12,
  "best_epoch": 75,
  "beta_pos": 0.34580734372138977,
  "beta_neg": 0.8216652870178223,
  "cG": 0.25,
  "S_par": 0.8328475056217207,
  "F12_par": 0.8328475056217207,
  "G12_par": 0.0,
  "S_ckpt": 0.4280821917808219,
  "F12_ckpt": 0.4280821917808219,
  "G12_ckpt": 0.0,
  "S_test": 0.0,
  "F12_test": 0.0,
  "G12_test": 0.0,
  "a1_test": 0.0,
  "a2_test": 0.25,
  "b1_test": 0.0,
  "b2_test": 0.0,
  "decided_count": 1,
  "conflict_count": 0,
  "reject_count": 5,
  "wrong_exclusive_count": 0,
  "correct_exclusive_count": 1,
  "coverage": 0.16666666666666666,
  "conflict_rate": 0.0,
  "reject_rate": 0.8333333333333334,
  "wrong_exclusive_rate": 0.0,
  "correct_exclusive_rate": 0.16666666666666666,
  "selective_accuracy": 1.0,
  "selective_error": 0.0,
  "selective_f1": 0.0,
  "conservative_accuracy": 0.16666666666666666,
  "conservative_error": 0.8333333333333334,
  "checkpoint_history_file": "results_colon_cv_seed42_2_200_2_64_5000_0.25/unary_strict_details/fold_08_checkpoint_history.csv"
}