{
  "dataset": "DS-B",
  "method": "Ensembleunar",
  "q": 5,
  "model": "UnaryMLP",
  "fold": 4,
  "F12": 0.45116819791908724,
  "G12": 0.1611129760804862,
  "a1": 0.43521594684385384,
  "a2": 0.4694104560622914,
  "b1": 0.21926910299003322,
  "b2": 0.12791991101223582,
  "n1": 301,
  "n2": 899,
  "coverage": 0.5375000238418579,
  "beta_pos": 1.002205729484558,
  "beta_neg": 1.004324197769165,
  "S_val": 0.4074099377459984,
  "S_test": 0.4108899538989657,
  "t_reducer": 2667.4483800500166,
  "t_model": 0.0,
  "unary_device": "cuda:0",
  "n_selected": 5,
  "selected_indices": "5,6,9,18,25"
}