{
  "dataset": "DS-B",
  "method": "HSIC_Lasso",
  "q": 5,
  "model": "UnaryMLP",
  "fold": 2,
  "F12": 0.41534181073271803,
  "G12": 0.15615861679907023,
  "a1": 0.46179401993355484,
  "a2": 0.3781979977753059,
  "b1": 0.12956810631229235,
  "b2": 0.19799777530589543,
  "n1": 301,
  "n2": 899,
  "coverage": 0.48416668176651,
  "beta_pos": 0.9984375238418579,
  "beta_neg": 0.9937114715576172,
  "S_val": 0.3770728821905629,
  "S_test": 0.37630215653295046,
  "t_reducer": 0.11716475302819163,
  "t_model": 0.0,
  "unary_device": "cuda:0",
  "n_selected": null,
  "selected_indices": null
}