{
  "fold": 2,
  "train_indices": [
    0,
    1,
    2,
    3,
    4,
    5,
    6,
    7,
    9,
    10,
    11,
    12,
    13,
    14,
    16,
    17,
    19,
    20,
    21,
    22,
    23,
    24,
    25,
    26,
    27,
    28,
    29,
    30,
    31,
    33,
    34,
    35,
    36,
    37,
    38,
    39,
    40,
    41,
    43,
    44,
    45,
    46,
    47,
    48,
    49,
    50,
    51,
    52,
    54,
    55,
    57,
    58,
    59,
    60,
    61
  ],
  "test_indices": [
    8,
    15,
    18,
    32,
    42,
    53,
    56
  ],
  "selected_indices": [
    42,
    71,
    240,
    248,
    492,
    512,
    821,
    1003,
    1041,
    1422,
    1581,
    1633,
    1771,
    1872
  ],
  "fit_size_inner": 33,
  "par_size_inner": 11,
  "ckpt_size_inner": 11,
  "best_epoch": 90,
  "beta_pos": 0.19977344572544098,
  "beta_neg": 0.41554927825927734,
  "cG": 1.0,
  "S_par": 0.7312079555425562,
  "F12_par": 0.7312079555425562,
  "G12_par": 0.0,
  "S_ckpt": 0.7312079555425562,
  "F12_ckpt": 0.7312079555425562,
  "G12_ckpt": 0.0,
  "S_test": 0.3632401017072285,
  "F12_test": 0.3632401017072285,
  "G12_test": 0.0,
  "a1_test": 0.6666666666666666,
  "a2_test": 0.25,
  "b1_test": 0.0,
  "b2_test": 0.5,
  "decided_count": 3,
  "conflict_count": 2,
  "reject_count": 2,
  "wrong_exclusive_count": 0,
  "correct_exclusive_count": 3,
  "coverage": 0.42857142857142855,
  "conflict_rate": 0.2857142857142857,
  "reject_rate": 0.2857142857142857,
  "wrong_exclusive_rate": 0.0,
  "correct_exclusive_rate": 0.42857142857142855,
  "selective_accuracy": 1.0,
  "selective_error": 0.0,
  "selective_f1": 1.0,
  "conservative_accuracy": 0.42857142857142855,
  "conservative_error": 0.5714285714285714,
  "checkpoint_history_file": "results_colon_cv_seed42_2_200_2_64_5000_1/unary_strict_details/fold_02_checkpoint_history.csv"
}