{
  "fold": 9,
  "train_indices": [
    0,
    1,
    2,
    3,
    4,
    5,
    6,
    7,
    8,
    10,
    11,
    12,
    13,
    14,
    15,
    16,
    17,
    18,
    19,
    20,
    21,
    22,
    23,
    24,
    25,
    27,
    28,
    29,
    30,
    32,
    33,
    34,
    35,
    36,
    37,
    39,
    40,
    41,
    42,
    43,
    45,
    47,
    48,
    49,
    50,
    51,
    52,
    53,
    54,
    55,
    56,
    57,
    58,
    59,
    60,
    61
  ],
  "test_indices": [
    9,
    26,
    31,
    38,
    44,
    46
  ],
  "selected_indices": [
    136,
    244,
    248,
    266,
    376,
    492,
    779,
    891,
    896,
    1493,
    1634,
    1647,
    1842,
    1866
  ],
  "fit_size_inner": 33,
  "par_size_inner": 11,
  "ckpt_size_inner": 12,
  "best_epoch": 20,
  "beta_pos": 0.8495200276374817,
  "beta_neg": 0.6351152658462524,
  "cG": 1.0,
  "S_par": 0.3699866804795027,
  "F12_par": 0.3699866804795027,
  "G12_par": 0.0,
  "S_ckpt": 0.37462537462537465,
  "F12_ckpt": 0.37462537462537465,
  "G12_ckpt": 0.0,
  "S_test": 0.0,
  "F12_test": 0.0,
  "G12_test": 0.0,
  "a1_test": 0.0,
  "a2_test": 0.25,
  "b1_test": 1.0,
  "b2_test": 0.0,
  "decided_count": 1,
  "conflict_count": 2,
  "reject_count": 3,
  "wrong_exclusive_count": 0,
  "correct_exclusive_count": 1,
  "coverage": 0.16666666666666666,
  "conflict_rate": 0.3333333333333333,
  "reject_rate": 0.5,
  "wrong_exclusive_rate": 0.0,
  "correct_exclusive_rate": 0.16666666666666666,
  "selective_accuracy": 1.0,
  "selective_error": 0.0,
  "selective_f1": 0.0,
  "conservative_accuracy": 0.16666666666666666,
  "conservative_error": 0.8333333333333334,
  "checkpoint_history_file": "results_colon_cv_seed42_2_200_2_64_5000_1/unary_strict_details/fold_09_checkpoint_history.csv"
}