{
  "fold": 7,
  "train_indices": [
    0,
    1,
    2,
    3,
    4,
    8,
    9,
    10,
    11,
    12,
    13,
    15,
    16,
    17,
    18,
    19,
    21,
    22,
    23,
    24,
    25,
    26,
    27,
    28,
    30,
    31,
    32,
    33,
    34,
    35,
    36,
    37,
    38,
    39,
    40,
    41,
    42,
    43,
    44,
    45,
    46,
    47,
    48,
    49,
    50,
    51,
    52,
    53,
    54,
    55,
    56,
    57,
    58,
    59,
    60,
    61
  ],
  "test_indices": [
    5,
    6,
    7,
    14,
    20,
    29
  ],
  "selected_indices": [
    364,
    418,
    512,
    626,
    779,
    1059,
    1259,
    1333,
    1371,
    1634,
    1647,
    1770,
    1771,
    1883
  ],
  "fit_size_inner": 33,
  "par_size_inner": 11,
  "ckpt_size_inner": 12,
  "best_epoch": 95,
  "beta_pos": 0.20393311977386475,
  "beta_neg": 0.53534996509552,
  "cG": 1.0,
  "S_par": 0.5328360197149328,
  "F12_par": 0.5328360197149328,
  "G12_par": 0.0,
  "S_ckpt": 0.6813226744186047,
  "F12_ckpt": 0.6813226744186047,
  "G12_ckpt": 0.0,
  "S_test": 0.33288948069241014,
  "F12_test": 0.33288948069241014,
  "G12_test": 0.0,
  "a1_test": 0.5,
  "a2_test": 0.25,
  "b1_test": 0.5,
  "b2_test": 0.0,
  "decided_count": 2,
  "conflict_count": 1,
  "reject_count": 3,
  "wrong_exclusive_count": 0,
  "correct_exclusive_count": 2,
  "coverage": 0.3333333333333333,
  "conflict_rate": 0.16666666666666666,
  "reject_rate": 0.5,
  "wrong_exclusive_rate": 0.0,
  "correct_exclusive_rate": 0.3333333333333333,
  "selective_accuracy": 1.0,
  "selective_error": 0.0,
  "selective_f1": 1.0,
  "conservative_accuracy": 0.3333333333333333,
  "conservative_error": 0.6666666666666667,
  "checkpoint_history_file": "results_colon_cv_seed42_2_200_2_64_5000_1/unary_strict_details/fold_07_checkpoint_history.csv"
}