{
  "dataset": "DS-B",
  "method": "Ensembleunar",
  "q": 10,
  "model": "UnaryMLP",
  "fold": 5,
  "F12": 0.44800973620954,
  "G12": 0.3107161387548261,
  "a1": 0.47019867549668876,
  "a2": 0.4287305122494432,
  "b1": 0.32781456953642385,
  "b2": 0.2962138084632517,
  "n1": 302,
  "n2": 898,
  "coverage": 0.5216667056083679,
  "beta_pos": 0.9829875826835632,
  "beta_neg": 0.9972290396690369,
  "S_val": 0.32356293440048123,
  "S_test": 0.37033070152083347,
  "t_reducer": 2668.782656097086,
  "t_model": 0.0,
  "unary_device": "cuda:0",
  "n_selected": 10,
  "selected_indices": "2,5,6,9,18,22,25,26,27,29"
}