{
  "dataset": "DS-B",
  "method": "PCA",
  "q": 5,
  "model": "UnaryMLP",
  "fold": 2,
  "F12": 0.18722714222360792,
  "G12": 0.10562177233368493,
  "a1": 0.3289036544850498,
  "a2": 0.13125695216907676,
  "b1": 0.09966777408637874,
  "b2": 0.11345939933259176,
  "n1": 301,
  "n2": 899,
  "coverage": 0.42166668176651,
  "beta_pos": 0.9766513109207153,
  "beta_neg": 1.0171358585357666,
  "S_val": 0.17874881030302917,
  "S_test": 0.16082169914018668,
  "t_reducer": 0.0009950329549610615,
  "t_model": 0.0,
  "unary_device": "cuda:0",
  "n_selected": null,
  "selected_indices": null
}