{
  "dataset": "DS-B",
  "method": "HSIC_Lasso",
  "q": 10,
  "model": "UnaryMLP",
  "fold": 4,
  "F12": 0.30665440599181254,
  "G12": 0.19845007858526778,
  "a1": 0.3289036544850498,
  "a2": 0.28809788654060065,
  "b1": 0.34219269102990035,
  "b2": 0.14015572858731926,
  "n1": 301,
  "n2": 899,
  "coverage": 0.5250000357627869,
  "beta_pos": 0.969251811504364,
  "beta_neg": 1.0043466091156006,
  "S_val": 0.29195308416439064,
  "S_test": 0.2570418863454956,
  "t_reducer": 0.14844265498686582,
  "t_model": 0.0,
  "unary_device": "cuda:0",
  "n_selected": null,
  "selected_indices": null
}