{
  "fold": 3,
  "test_indices": [
    19,
    22,
    27,
    33,
    48,
    59
  ],
  "selected_indices": [
    13,
    244,
    248,
    266,
    285,
    364,
    492,
    560,
    764,
    993,
    1230,
    1255,
    1634,
    1872
  ],
  "accuracy": 0.8333333333333334,
  "classification_error": 0.16666666666666663,
  "f1_score": 0.8
}