{
  "fold": 6,
  "test_indices": [
    11,
    36,
    45,
    50,
    51,
    55
  ],
  "selected_indices": [
    42,
    66,
    198,
    248,
    285,
    376,
    492,
    662,
    738,
    1209,
    1324,
    1422,
    1723,
    1749
  ],
  "accuracy": 0.6666666666666666,
  "classification_error": 0.33333333333333337,
  "f1_score": 0.5
}