{
  "fold": 8,
  "test_indices": [
    3,
    25,
    35,
    39,
    54,
    58
  ],
  "selected_indices": [
    13,
    285,
    376,
    580,
    823,
    829,
    833,
    1001,
    1207,
    1327,
    1410,
    1422,
    1883,
    1916
  ],
  "accuracy": 0.8333333333333334,
  "classification_error": 0.16666666666666663,
  "f1_score": 0.6666666666666666
}