{
  "fold": 7,
  "test_indices": [
    5,
    6,
    7,
    14,
    20,
    29
  ],
  "selected_indices": [
    31,
    46,
    285,
    512,
    626,
    779,
    831,
    1059,
    1333,
    1533,
    1581,
    1658,
    1770,
    1771
  ],
  "accuracy": 0.8333333333333334,
  "classification_error": 0.16666666666666663,
  "f1_score": 0.6666666666666666
}