{
  "dataset": "DS-B",
  "method": "PLS",
  "q": 10,
  "model": "UnaryMLP",
  "fold": 5,
  "F12": 0.33800018657643693,
  "G12": 0.12085526404196135,
  "a1": 0.423841059602649,
  "a2": 0.2817371937639198,
  "b1": 0.16225165562913907,
  "b2": 0.09688195991091314,
  "n1": 302,
  "n2": 898,
  "coverage": 0.5491666793823242,
  "beta_pos": 0.9728407263755798,
  "beta_neg": 1.0028241872787476,
  "S_val": 0.30422550128675097,
  "S_test": 0.3077863705659466,
  "t_reducer": 0.004037309088744223,
  "t_model": 0.0,
  "unary_device": "cuda:0",
  "n_selected": null,
  "selected_indices": null
}