{
  "fold": 5,
  "test_indices": [
    0,
    1,
    2,
    23,
    28,
    52
  ],
  "selected_indices": [
    46,
    390,
    398,
    410,
    488,
    514,
    738,
    811,
    1057,
    1066,
    1318,
    1325,
    1634,
    1892
  ],
  "accuracy": 0.6666666666666666,
  "classification_error": 0.33333333333333337,
  "f1_score": 0.5
}