{
  "fold": 2,
  "test_indices": [
    8,
    15,
    18,
    32,
    42,
    53,
    56
  ],
  "selected_indices": [
    46,
    266,
    439,
    738,
    779,
    991,
    1041,
    1066,
    1422,
    1581,
    1634,
    1678,
    1771,
    1893
  ],
  "accuracy": 0.8571428571428571,
  "classification_error": 0.1428571428571429,
  "f1_score": 0.8
}