{
  "fold": 8,
  "test_indices": [
    3,
    25,
    35,
    39,
    54,
    58
  ],
  "selected_indices": [
    13,
    285,
    376,
    452,
    492,
    494,
    560,
    580,
    801,
    1072,
    1257,
    1285,
    1422,
    1883
  ],
  "accuracy": 0.8333333333333334,
  "classification_error": 0.16666666666666663,
  "f1_score": 0.6666666666666666
}