{
  "fold": 10,
  "test_indices": [
    12,
    16,
    21,
    40,
    49,
    60
  ],
  "selected_indices": [
    137,
    140,
    285,
    492,
    678,
    764,
    1057,
    1146,
    1255,
    1770,
    1771,
    1872,
    1934,
    1959
  ],
  "accuracy": 0.8333333333333334,
  "classification_error": 0.16666666666666663,
  "f1_score": 0.6666666666666666
}