{
  "fold": 1,
  "test_indices": [
    13,
    17,
    30,
    34,
    37,
    41,
    43
  ],
  "selected_indices": [
    244,
    248,
    266,
    364,
    492,
    736,
    764,
    1057,
    1301,
    1324,
    1345,
    1422,
    1569,
    1771
  ],
  "accuracy": 0.8571428571428571,
  "classification_error": 0.1428571428571429,
  "f1_score": 0.8
}