{
  "fold": 2,
  "test_indices": [
    8,
    15,
    18,
    32,
    42,
    53,
    56
  ],
  "selected_indices": [
    244,
    248,
    266,
    285,
    370,
    376,
    492,
    616,
    791,
    1057,
    1500,
    1634,
    1771,
    1942
  ],
  "accuracy": 0.8571428571428571,
  "classification_error": 0.1428571428571429,
  "f1_score": 0.8
}