{
  "fold": 6,
  "test_indices": [
    11,
    36,
    45,
    50,
    51,
    55
  ],
  "selected_indices": [
    13,
    244,
    248,
    266,
    285,
    364,
    376,
    492,
    764,
    791,
    896,
    1230,
    1324,
    1771
  ],
  "accuracy": 0.6666666666666666,
  "classification_error": 0.33333333333333337,
  "f1_score": 0.5
}