{
  "fold": 4,
  "test_indices": [
    4,
    10,
    24,
    47,
    57,
    61
  ],
  "selected_indices": [
    244,
    248,
    266,
    404,
    418,
    492,
    575,
    764,
    996,
    1093,
    1572,
    1658,
    1771,
    1883
  ],
  "accuracy": 0.8333333333333334,
  "classification_error": 0.16666666666666663,
  "f1_score": 0.6666666666666666
}