{
  "fold": 5,
  "test_indices": [
    0,
    1,
    2,
    23,
    28,
    52
  ],
  "selected_indices": [
    266,
    492,
    494,
    738,
    1041,
    1230,
    1324,
    1345,
    1387,
    1548,
    1667,
    1770,
    1771,
    1883
  ],
  "accuracy": 0.6666666666666666,
  "classification_error": 0.33333333333333337,
  "f1_score": 0.6666666666666666
}