{
  "fold": 7,
  "test_indices": [
    5,
    6,
    7,
    14,
    20,
    29
  ],
  "selected_indices": [
    266,
    376,
    426,
    452,
    492,
    624,
    764,
    787,
    996,
    1057,
    1059,
    1230,
    1285,
    1771
  ],
  "accuracy": 0.8333333333333334,
  "classification_error": 0.16666666666666663,
  "f1_score": 0.8
}