{
  "fold": 3,
  "test_indices": [
    19,
    22,
    27,
    33,
    48,
    59
  ],
  "selected_indices": [
    244,
    248,
    266,
    492,
    580,
    764,
    1230,
    1492,
    1549,
    1634,
    1658,
    1771,
    1883,
    1885
  ],
  "accuracy": 0.8333333333333334,
  "classification_error": 0.16666666666666663,
  "f1_score": 0.8
}