{
  "fold": 9,
  "test_indices": [
    9,
    26,
    31,
    38,
    44,
    46
  ],
  "selected_indices": [
    46,
    244,
    266,
    285,
    376,
    492,
    575,
    1259,
    1285,
    1324,
    1548,
    1581,
    1634,
    1771
  ],
  "accuracy": 0.8333333333333334,
  "classification_error": 0.16666666666666663,
  "f1_score": 0.8
}