{
  "fold": 8,
  "test_indices": [
    3,
    25,
    35,
    39,
    54,
    58
  ],
  "selected_indices": [
    244,
    248,
    364,
    376,
    404,
    447,
    492,
    558,
    764,
    779,
    1472,
    1667,
    1883,
    1896
  ],
  "accuracy": 0.8333333333333334,
  "classification_error": 0.16666666666666663,
  "f1_score": 0.6666666666666666
}