{
  "dataset": "DS-B",
  "method": "HSIC_Lasso",
  "q": 10,
  "model": "UnaryMLP",
  "fold": 2,
  "F12": 0.2787738048034696,
  "G12": 0.14184726945103596,
  "a1": 0.3687707641196013,
  "a2": 0.22469410456062291,
  "b1": 0.1362126245847176,
  "b2": 0.14905450500556172,
  "n1": 301,
  "n2": 899,
  "coverage": 0.42000001668930054,
  "beta_pos": 1.0036466121673584,
  "beta_neg": 1.0104233026504517,
  "S_val": 0.22860177306761825,
  "S_test": 0.2433119874407106,
  "t_reducer": 0.1474948610411957,
  "t_model": 0.0,
  "unary_device": "cuda:0",
  "n_selected": null,
  "selected_indices": null
}