{
  "dataset": "DS-B",
  "method": "HSIC_Lasso",
  "q": 10,
  "model": "UnaryMLP",
  "fold": 3,
  "F12": 0.3026829333432482,
  "G12": 0.20650107820652103,
  "a1": 0.3953488372093023,
  "a2": 0.24582869855394884,
  "b1": 0.23920265780730898,
  "b2": 0.18242491657397109,
  "n1": 301,
  "n2": 899,
  "coverage": 0.45250001549720764,
  "beta_pos": 0.982814610004425,
  "beta_neg": 0.9993637800216675,
  "S_val": 0.27305405537938154,
  "S_test": 0.2510576637916179,
  "t_reducer": 0.1465034489519894,
  "t_model": 0.0,
  "unary_device": "cuda:0",
  "n_selected": null,
  "selected_indices": null
}