{
  "dataset": "DS-B",
  "method": "PCA",
  "q": 10,
  "model": "UnaryMLP",
  "fold": 4,
  "F12": 0.2669744613760938,
  "G12": 0.09715681918060061,
  "a1": 0.26578073089701,
  "a2": 0.26918798665183535,
  "b1": 0.09634551495016612,
  "b2": 0.09899888765294772,
  "n1": 301,
  "n2": 899,
  "coverage": 0.4466666877269745,
  "beta_pos": 0.9828909635543823,
  "beta_neg": 1.0004650354385376,
  "S_val": 0.24591546424340605,
  "S_test": 0.24268525658094367,
  "t_reducer": 0.0010438939789310098,
  "t_model": 0.0,
  "unary_device": "cuda:0",
  "n_selected": null,
  "selected_indices": null
}