{
  "fold": 3,
  "train_indices": [
    0,
    1,
    2,
    3,
    4,
    5,
    6,
    7,
    8,
    9,
    10,
    11,
    12,
    13,
    14,
    15,
    16,
    17,
    18,
    20,
    21,
    23,
    24,
    25,
    26,
    28,
    29,
    30,
    31,
    32,
    34,
    35,
    36,
    37,
    38,
    39,
    40,
    41,
    42,
    43,
    44,
    45,
    46,
    47,
    49,
    50,
    51,
    52,
    53,
    54,
    55,
    56,
    57,
    58,
    60,
    61
  ],
  "test_indices": [
    19,
    22,
    27,
    33,
    48,
    59
  ],
  "selected_indices": [
    13,
    186,
    244,
    248,
    266,
    364,
    376,
    492,
    560,
    570,
    697,
    764,
    779,
    1872
  ],
  "fit_size_inner": 33,
  "par_size_inner": 11,
  "ckpt_size_inner": 12,
  "best_epoch": 35,
  "beta_pos": 0.49861475825309753,
  "beta_neg": 0.50627601146698,
  "cG": 0.5,
  "S_par": 0.3699866804795027,
  "F12_par": 0.3699866804795027,
  "G12_par": 0.0,
  "S_ckpt": 0.8566533409480298,
  "F12_ckpt": 0.8566533409480298,
  "G12_ckpt": 0.0,
  "S_test": 0.0,
  "F12_test": 0.0,
  "G12_test": 0.0,
  "a1_test": 1.0,
  "a2_test": 0.0,
  "b1_test": 0.0,
  "b2_test": 0.5,
  "decided_count": 2,
  "conflict_count": 2,
  "reject_count": 2,
  "wrong_exclusive_count": 0,
  "correct_exclusive_count": 2,
  "coverage": 0.3333333333333333,
  "conflict_rate": 0.3333333333333333,
  "reject_rate": 0.3333333333333333,
  "wrong_exclusive_rate": 0.0,
  "correct_exclusive_rate": 0.3333333333333333,
  "selective_accuracy": 1.0,
  "selective_error": 0.0,
  "selective_f1": 1.0,
  "conservative_accuracy": 0.3333333333333333,
  "conservative_error": 0.6666666666666667,
  "checkpoint_history_file": "results_colon_cv_seed42_4_100_2_64_10000_0.5/unary_strict_details/fold_03_checkpoint_history.csv"
}