{
  "fold": 10,
  "train_indices": [
    0,
    1,
    2,
    3,
    4,
    5,
    6,
    7,
    8,
    9,
    10,
    11,
    13,
    14,
    15,
    17,
    18,
    19,
    20,
    22,
    23,
    24,
    25,
    26,
    27,
    28,
    29,
    30,
    31,
    32,
    33,
    34,
    35,
    36,
    37,
    38,
    39,
    41,
    42,
    43,
    44,
    45,
    46,
    47,
    48,
    50,
    51,
    52,
    53,
    54,
    55,
    56,
    57,
    58,
    59,
    61
  ],
  "test_indices": [
    12,
    16,
    21,
    40,
    49,
    60
  ],
  "selected_indices": [
    189,
    285,
    492,
    764,
    1057,
    1109,
    1226,
    1352,
    1545,
    1770,
    1872,
    1911,
    1934,
    1959
  ],
  "fit_size_inner": 33,
  "par_size_inner": 11,
  "ckpt_size_inner": 12,
  "best_epoch": 195,
  "beta_pos": 0.25836601853370667,
  "beta_neg": 0.13968418538570404,
  "cG": 0.5,
  "S_par": 0.8328475056217207,
  "F12_par": 0.8328475056217207,
  "G12_par": 0.0,
  "S_ckpt": 0.9328358208955224,
  "F12_ckpt": 0.9328358208955224,
  "G12_ckpt": 0.0,
  "S_test": 0.5995203836930456,
  "F12_test": 0.5995203836930456,
  "G12_test": 0.0,
  "a1_test": 0.5,
  "a2_test": 0.75,
  "b1_test": 0.0,
  "b2_test": 0.0,
  "decided_count": 4,
  "conflict_count": 0,
  "reject_count": 2,
  "wrong_exclusive_count": 0,
  "correct_exclusive_count": 4,
  "coverage": 0.6666666666666666,
  "conflict_rate": 0.0,
  "reject_rate": 0.3333333333333333,
  "wrong_exclusive_rate": 0.0,
  "correct_exclusive_rate": 0.6666666666666666,
  "selective_accuracy": 1.0,
  "selective_error": 0.0,
  "selective_f1": 1.0,
  "conservative_accuracy": 0.6666666666666666,
  "conservative_error": 0.33333333333333337,
  "checkpoint_history_file": "results_colon_cv_seed42_4_100_2_64_10000_0.5/unary_strict_details/fold_10_checkpoint_history.csv"
}