{
  "fold": 4,
  "train_indices": [
    0,
    1,
    2,
    3,
    5,
    6,
    7,
    8,
    9,
    11,
    12,
    13,
    14,
    15,
    16,
    17,
    18,
    19,
    20,
    21,
    22,
    23,
    25,
    26,
    27,
    28,
    29,
    30,
    31,
    32,
    33,
    34,
    35,
    36,
    37,
    38,
    39,
    40,
    41,
    42,
    43,
    44,
    45,
    46,
    48,
    49,
    50,
    51,
    52,
    53,
    54,
    55,
    56,
    58,
    59,
    60
  ],
  "test_indices": [
    4,
    10,
    24,
    47,
    57,
    61
  ],
  "selected_indices": [
    46,
    410,
    512,
    575,
    714,
    963,
    1109,
    1230,
    1465,
    1581,
    1634,
    1771,
    1835,
    1959
  ],
  "fit_size_inner": 33,
  "par_size_inner": 11,
  "ckpt_size_inner": 12,
  "best_epoch": 85,
  "beta_pos": 0.4559907913208008,
  "beta_neg": 0.4877973794937134,
  "cG": 0.5,
  "S_par": 0.6481581505887437,
  "F12_par": 0.6481581505887437,
  "G12_par": 0.0,
  "S_ckpt": 0.6813226744186047,
  "F12_ckpt": 0.6813226744186047,
  "G12_ckpt": 0.0,
  "S_test": 0.33288948069241014,
  "F12_test": 0.33288948069241014,
  "G12_test": 0.0,
  "a1_test": 0.5,
  "a2_test": 0.25,
  "b1_test": 0.5,
  "b2_test": 0.0,
  "decided_count": 2,
  "conflict_count": 1,
  "reject_count": 3,
  "wrong_exclusive_count": 0,
  "correct_exclusive_count": 2,
  "coverage": 0.3333333333333333,
  "conflict_rate": 0.16666666666666666,
  "reject_rate": 0.5,
  "wrong_exclusive_rate": 0.0,
  "correct_exclusive_rate": 0.3333333333333333,
  "selective_accuracy": 1.0,
  "selective_error": 0.0,
  "selective_f1": 1.0,
  "conservative_accuracy": 0.3333333333333333,
  "conservative_error": 0.6666666666666667,
  "checkpoint_history_file": "results_colon_cv_seed42_4_100_2_64_10000_0.5/unary_strict_details/fold_04_checkpoint_history.csv"
}