{
  "dataset": "DS-B",
  "method": "HSIC_Lasso",
  "q": 5,
  "model": "UnaryMLP",
  "fold": 3,
  "F12": 0.42358552441281316,
  "G12": 0.2222193138638603,
  "a1": 0.44518272425249167,
  "a2": 0.40489432703003336,
  "b1": 0.24916943521594684,
  "b2": 0.20133481646273638,
  "n1": 301,
  "n2": 899,
  "coverage": 0.48000001907348633,
  "beta_pos": 0.9641987681388855,
  "beta_neg": 0.9894518852233887,
  "S_val": 0.3806818237786901,
  "S_test": 0.3680306959468481,
  "t_reducer": 0.1313058170489967,
  "t_model": 0.0,
  "unary_device": "cuda:0",
  "n_selected": null,
  "selected_indices": null
}