{
  "fold": 5,
  "train_indices": [
    3,
    4,
    5,
    6,
    7,
    8,
    9,
    10,
    11,
    12,
    13,
    14,
    15,
    16,
    17,
    18,
    19,
    20,
    21,
    22,
    24,
    25,
    26,
    27,
    29,
    30,
    31,
    32,
    33,
    34,
    35,
    36,
    37,
    38,
    39,
    40,
    41,
    42,
    43,
    44,
    45,
    46,
    47,
    48,
    49,
    50,
    51,
    53,
    54,
    55,
    56,
    57,
    58,
    59,
    60,
    61
  ],
  "test_indices": [
    0,
    1,
    2,
    23,
    28,
    52
  ],
  "selected_indices": [
    46,
    82,
    390,
    398,
    410,
    488,
    514,
    1001,
    1465,
    1548,
    1633,
    1678,
    1923,
    1982
  ],
  "fit_size_inner": 33,
  "par_size_inner": 11,
  "ckpt_size_inner": 12,
  "best_epoch": 25,
  "beta_pos": 0.13194327056407928,
  "beta_neg": 0.581116795539856,
  "cG": 0.25,
  "S_par": 0.6481581505887437,
  "F12_par": 0.6481581505887437,
  "G12_par": 0.0,
  "S_ckpt": 0.7079444820474294,
  "F12_ckpt": 0.7495003331112592,
  "G12_ckpt": 0.16622340425531915,
  "S_test": 0.33288948069241014,
  "F12_test": 0.33288948069241014,
  "G12_test": 0.0,
  "a1_test": 0.5,
  "a2_test": 0.25,
  "b1_test": 0.0,
  "b2_test": 0.0,
  "decided_count": 5,
  "conflict_count": 0,
  "reject_count": 1,
  "wrong_exclusive_count": 3,
  "correct_exclusive_count": 2,
  "coverage": 0.8333333333333334,
  "conflict_rate": 0.0,
  "reject_rate": 0.16666666666666666,
  "wrong_exclusive_rate": 0.5,
  "correct_exclusive_rate": 0.3333333333333333,
  "selective_accuracy": 0.4,
  "selective_error": 0.6,
  "selective_f1": 0.4,
  "conservative_accuracy": 0.3333333333333333,
  "conservative_error": 0.6666666666666667,
  "checkpoint_history_file": "results_colon_cv_seed42_4_100_1_32_5000_0.25/unary_strict_details/fold_05_checkpoint_history.csv"
}