{
  "fold": 7,
  "train_indices": [
    0,
    1,
    2,
    3,
    4,
    8,
    9,
    10,
    11,
    12,
    13,
    15,
    16,
    17,
    18,
    19,
    21,
    22,
    23,
    24,
    25,
    26,
    27,
    28,
    30,
    31,
    32,
    33,
    34,
    35,
    36,
    37,
    38,
    39,
    40,
    41,
    42,
    43,
    44,
    45,
    46,
    47,
    48,
    49,
    50,
    51,
    52,
    53,
    54,
    55,
    56,
    57,
    58,
    59,
    60,
    61
  ],
  "test_indices": [
    5,
    6,
    7,
    14,
    20,
    29
  ],
  "selected_indices": [
    31,
    46,
    285,
    512,
    626,
    779,
    831,
    1059,
    1333,
    1533,
    1581,
    1658,
    1770,
    1771
  ],
  "fit_size_inner": 33,
  "par_size_inner": 11,
  "ckpt_size_inner": 12,
  "best_epoch": 180,
  "beta_pos": 0.14388316869735718,
  "beta_neg": 0.6866675019264221,
  "cG": 0.25,
  "S_par": 0.5328360197149328,
  "F12_par": 0.5328360197149328,
  "G12_par": 0.0,
  "S_ckpt": 0.6662225183211193,
  "F12_ckpt": 0.6662225183211193,
  "G12_ckpt": 0.0,
  "S_test": 0.0,
  "F12_test": 0.0,
  "G12_test": 0.0,
  "a1_test": 1.0,
  "a2_test": 0.0,
  "b1_test": 0.0,
  "b2_test": 0.0,
  "decided_count": 3,
  "conflict_count": 0,
  "reject_count": 3,
  "wrong_exclusive_count": 1,
  "correct_exclusive_count": 2,
  "coverage": 0.5,
  "conflict_rate": 0.0,
  "reject_rate": 0.5,
  "wrong_exclusive_rate": 0.16666666666666666,
  "correct_exclusive_rate": 0.3333333333333333,
  "selective_accuracy": 0.6666666666666666,
  "selective_error": 0.33333333333333337,
  "selective_f1": 0.8,
  "conservative_accuracy": 0.3333333333333333,
  "conservative_error": 0.6666666666666667,
  "checkpoint_history_file": "results_colon_cv_seed42_4_100_1_32_5000_0.25/unary_strict_details/fold_07_checkpoint_history.csv"
}