{
  "fold": 2,
  "train_indices": [
    0,
    1,
    2,
    3,
    4,
    5,
    6,
    7,
    9,
    10,
    11,
    12,
    13,
    14,
    16,
    17,
    19,
    20,
    21,
    22,
    23,
    24,
    25,
    26,
    27,
    28,
    29,
    30,
    31,
    33,
    34,
    35,
    36,
    37,
    38,
    39,
    40,
    41,
    43,
    44,
    45,
    46,
    47,
    48,
    49,
    50,
    51,
    52,
    54,
    55,
    57,
    58,
    59,
    60,
    61
  ],
  "test_indices": [
    8,
    15,
    18,
    32,
    42,
    53,
    56
  ],
  "selected_indices": [
    30,
    46,
    240,
    244,
    248,
    700,
    821,
    1041,
    1066,
    1324,
    1581,
    1633,
    1634,
    1771
  ],
  "fit_size_inner": 33,
  "par_size_inner": 11,
  "ckpt_size_inner": 11,
  "best_epoch": 105,
  "beta_pos": 0.3837536573410034,
  "beta_neg": 0.45187145471572876,
  "cG": 0.25,
  "S_par": 0.8566533409480298,
  "F12_par": 0.8566533409480298,
  "G12_par": 0.0,
  "S_ckpt": 0.7995025317580172,
  "F12_ckpt": 0.7995025317580172,
  "G12_ckpt": 0.0,
  "S_test": 0.32821424330734666,
  "F12_test": 0.3995205753096285,
  "G12_test": 0.28522532800912725,
  "a1_test": 0.3333333333333333,
  "a2_test": 0.5,
  "b1_test": 0.3333333333333333,
  "b2_test": 0.25,
  "decided_count": 4,
  "conflict_count": 2,
  "reject_count": 1,
  "wrong_exclusive_count": 1,
  "correct_exclusive_count": 3,
  "coverage": 0.5714285714285714,
  "conflict_rate": 0.2857142857142857,
  "reject_rate": 0.14285714285714285,
  "wrong_exclusive_rate": 0.14285714285714285,
  "correct_exclusive_rate": 0.42857142857142855,
  "selective_accuracy": 0.75,
  "selective_error": 0.25,
  "selective_f1": 0.6666666666666666,
  "conservative_accuracy": 0.42857142857142855,
  "conservative_error": 0.5714285714285714,
  "checkpoint_history_file": "results_colon_cv_seed42_4_100_1_32_5000_0.25/unary_strict_details/fold_02_checkpoint_history.csv"
}