{
  "fold": 7,
  "model_name": "QDA",
  "train_indices": [
    0,
    1,
    2,
    3,
    4,
    8,
    9,
    10,
    11,
    12,
    13,
    15,
    16,
    17,
    18,
    19,
    21,
    22,
    23,
    24,
    25,
    26,
    27,
    28,
    30,
    31,
    32,
    33,
    34,
    35,
    36,
    37,
    38,
    39,
    40,
    41,
    42,
    43,
    44,
    45,
    46,
    47,
    48,
    49,
    50,
    51,
    52,
    53,
    54,
    55,
    56,
    57,
    58,
    59,
    60,
    61
  ],
  "test_indices": [
    5,
    6,
    7,
    14,
    20,
    29
  ],
  "selected_indices": [
    364,
    418,
    512,
    626,
    779,
    1059,
    1259,
    1333,
    1371,
    1634,
    1647,
    1770,
    1771,
    1883
  ],
  "train_size": 56,
  "test_size": 6,
  "n_selected": 14,
  "accuracy": 0.6666666666666666,
  "classification_error": 0.33333333333333337,
  "f1_score": 0.0
}